Date,Variable,Anuradhapura,Badulla,Bandarawela,Batticaloa,Colombo,Galle,Hambantota,Jaffna,Moneragala,Katugasthota,Katunayake,Kurunagala,Maha Illuppallama,Mannar,Polonnaruwa,Nuwara Eliya,Pothuvil,Puttalam,Rathmalana,Ratnapura,Trincomalee,Vavuniya,Mattla,Mullaitivu
10/15/2024,Tmax,30.7,27.9,26.1,30.6,30.6,29.5,31.4,29.5,32.3,27.2,31.4,29,30.7,30.2,32.1,16.9,33.2,31,32.1,32.3,29.8,31,NA,30.4
10/15/2024,Tmin,24.2,18.8,18.5,25.3,25.2,26,25,23.7,21.2,21.9,25,24.4,24.7,23.2,24,14.8,25.4,27.2,26.9,23.4,24.4,23.5,NA,23.8
10/15/2024,Rainfall,13.4,TR,1.8,0,10.3,5.3,2.8,5.7,TR,9.5,16.5,13.2,1.9,44,8.4,5.9,0,2.3,7.9,17.4,0.2,18.6,NA,3.3
10/16/2024,Tmax,NA,NA,NA,NA,NA,NA,NA,NA,NA,NA,NA,NA,NA,NA,NA,NA,NA,NA,NA,NA,NA,NA,NA,NA
10/16/2024,Tmin,NA,NA,NA,NA,NA,NA,NA,NA,NA,NA,NA,NA,NA,NA,NA,NA,NA,NA,NA,NA,NA,NA,NA,NA
10/16/2024,Rainfall,NA,NA,NA,NA,NA,NA,NA,NA,NA,NA,NA,NA,NA,NA,NA,NA,NA,NA,NA,NA,NA,NA,NA,NA
10/17/2024,Tmax,35,30.3,28.5,32.2,30.9,30.1,34.1,32.4,33.8,30.4,31.7,32.6,33.4,31.2,34.8,20.1,30.8,31.9,32.6,34.2,34.5,34.1,NA,34.7
10/17/2024,Tmin,24.8,16.6,18.1,26.1,25.9,27,25.9,27.7,21.1,19.8,25.4,24,24.2,28.1,23,14.3,25.3,26,26,22.5,25.3,24.8,NA,25.7
10/17/2024,Rainfall,0,0,0,0,0,0,0,0,0,0,0,0,0,0,0,0,0,0,0,0,0,0,NA,0
10/18/2024,Tmax,33.4,30.8,29.6,31.3,31.1,30.3,31.1,31.9,34.4,30.2,31.6,32.2,33.1,31.4,33.4,20.8,33.4,32.2,32.5,34.6,33.8,33.8,NA,34.6
10/18/2024,Tmin,24.7,17.2,16,25.6,25.6,25.8,25,26.7,21.8,19.9,24.6,24.2,24.2,28.1,23.9,11,24.9,25.2,26,22.7,24.9,24.9,23.7,25.7
10/18/2024,Rainfall,0,0,0,0,0,0,0,0.5,0,0,0,0,0,0,0,0,0,0,0.2,0,0.5,0,0,0.1
10/19/2024,Tmax,34.5,29.9,26.9,31.2,31,30,31.4,26.8,33.3,30.6,31.4,32.5,32.7,30.8,34.6,20.9,34.2,31.9,33,34.9,33.4,31.6,32.8,33.2
10/19/2024,Tmin,24.7,21.1,18.6,26.4,26,27.5,26.1,26.3,23.6,22.2,24.6,24.3,23.9,25.9,25.6,12.7,25.4,25.3,26,23.2,24.6,24.6,25.1,25
10/19/2024,Rainfall,0,0.4,0,0,0.3,0,TR,TR,4.3,0,0.9,0,0,0.3,0,0,0,0,6,0,1.8,0,TR,1.2
10/20/2024,Tmax,35.5,30,26,31.1,29.3,29.8,32.1,32.4,33.8,31,31.3,31.9,32.8,31.4,33.3,22.5,34.1,31.7,29.6,32.8,32,32.7,32.9,32.8
10/20/2024,Tmin,25.2,22.3,19.6,25.6,25.1,24.7,25.8,24.7,23.6,23.6,24.8,25.2,25.4,26.2,24.9,15.9,25.5,25.4,25.1,24.3,23.5,25,25,25.5
10/20/2024,Rainfall,4.3,0.2,2.5,0,17,71.6,0.2,19,0.2,0,28.9,0,TR,0,6.2,1.4,0,1.5,68.7,8.8,74.3,3.5,0,4.5
10/21/2024,Tmax,34,30.1,26,30.7,30.2,27.7,28.3,32,31.5,30,30.7,31.8,33.3,31.1,32.9,21.9,33.6,31.7,30.9,31.8,32.3,31.7,30,
10/21/2024,Tmin,24.9,21.4,19.2,24.8,24.3,25.1,24.9,24.3,23.3,23.2,24.4,24.4,25,25.6,24.8,15.3,25.8,24,25.5,24,24.7,24.4,25.5,24.9
10/21/2024,Rainfall,40.1,4.5,7.4,6.3,12.8,15.6,13.6,TR,26.4,TR,27.4,9.8,4.9,4.6,2.4,11.2,0,36.8,2.1,0.2,3.4,22,0,0
10/22/2024,Tmax,27.6,23.4,30.8,28.5,28.5,28.9,31.6,30,29.3,30.3,30.3,31.8,31,32.4,21.1,30.2,31.7,29.1,29.8,31.9,32.4,30,33,NA
10/22/2024,Tmin,21.3,18.9,26.2,24.9,25.2,24.4,25,23.7,21.2,24.6,24,24.2,25.4,24.7,13.2,24.8,25.4,25,23.4,24.8,NA,23.5,25.6,NA
10/22/2024,Rainfall,0.5,tr,0.3,28.4,31.2,0,0,0,0.6,2.7,tr,tr,2.3,0.4,0.6,3.3,tr,45.2,4.4,29.9,0.1,0,0.2,NA
10/23/2024,Tmax,35.1,28.6,25.2,31.3,28.5,26.4,31.7,33.1,31.8,30.8,30.6,32.7,33.4,30.9,34.1,22.6,33.8,30.3,29,31.7,32.4,33.1,31.9,32.7
10/23/2024,Tmin,23.7,19,18.2,24.5,24.5,23.9,23.4,24.2,23.8,21,24.2,23.6,22.6,23.1,23.1,13.2,24.3,23.2,24.7,22.6,22.7,24.4,23.2,24.6
10/23/2024,Rainfall,7.3,12.3,2.8,3.8,32.4,60.4,70,3.4,0.5,3,7.8,5.1,31.2,176,53.4,TR,0,75.7,34.8,31.3,18.8,0.7,54.8,2.3
10/24/2024,Tmax,30,26,31,30.7,29.7,30.7,29.8,32.8,30.1,31.5,31.9,31.6,30.2,33.2,22.1,33.7,30.8,32.3,33.4,32.4,30.9,31,32.2,NA
10/24/2024,Tmin,18.6,17.6,26,24.5,26.3,25.3,23.9,22.3,20.1,24.5,23.9,23.5,23.3,23.4,11.7,25.1,24,25.2,22.5,23.6,24.4,24.1,25.6,NA
10/24/2024,Rainfall,0,0,0,8.8,9.5,0.6,83,0,0,0,0,0,16.7,0.8,0,0,8.4,0.9,0.3,0,0,0.6,0,NA
10/25/2024,Tmax,32.2,30,26,31.4,31.1,30.3,31.3,29,33.5,30.4,31.3,32.2,31.6,29.7,33.8,23.3,35.8,31.3,32.6,33.5,33.1,32,32.1,NA
10/25/2024,Tmin,24,20.2,17.8,26.4,23.9,24.6,25.3,24.8,22.9,21.6,23.9,23.4,23.3,25.7,24.9,14.5,24.6,24.9,24.3,21.5,24.4,24,23.8,25.5
10/25/2024,Rainfall,0,0.4,1.8,TR,27.8,17.1,0,4,15.6,5,11.5,11.2,10.8,11,0,7.5,45.5,1.8,2.8,0.8,2.5,0,0,15.5
10/26/2024,Tmax,32.8,29.1,26,31,30.7,29.3,31.5,31.6,33,30,31.2,31.8,31.3,30.8,34.6,20.4,35,30.5,31.9,33.5,33.4,32.4,33,33.4
10/26/2024,Tmin,24.4,20.7,18.6,24.6,24.4,25,24.7,27.1,24.1,21.6,24.2,24,24.4,27.4,25,14.3,25.1,24.7,24.7,23.2,24.7,24.4,24.1,25.8
10/26/2024,Rainfall,TR,0,5.5,62,26.3,29.4,0,TR,0,22.8,3.9,3.4,2,0,0,7.7,2,4.4,11,4.6,TR,9,0,0
10/27/2024,Tmax,34.2,30,27.5,31.2,30.2,29.3,31.4,31.6,33,29.2,31.1,31.5,32,31,34.4,21.2,33.4,31.6,30.5,31.4,33.8,32.5,32.8,34.2
10/27/2024,Tmin,24.8,19.5,17.5,26.1,24.7,25.4,25.9,27,22.1,21.9,24.5,25.1,24.5,27.9,24,15.2,24.4,25.5,24.4,23.3,24.5,24.6,24.7,25.7
10/27/2024,Rainfall,TR,0,0.5,0.2,23.7,17.1,TR,0,1.8,2.4,22.6,1.1,0,0,0,0.5,21.9,4.3,16.4,9.6,3.3,0,0,0
10/28/2024,Tmax,33.8,28.4,25.7,31.9,30.8,29.4,31.7,31.9,33,29.6,31.1,31.7,31.9,31.3,34.8,20,33.9,31.9,31.9,31.8,33.8,32.7,33.5,35
10/28/2024,Tmin,24.8,19.1,16.7,27.3,25.1,27,26,27.2,22.2,22.1,25.2,24.6,24.4,28.1,24.5,15.1,25.4,25.2,24.7,23.4,24.7,25,23.7,25.5
10/28/2024,Rainfall,0,1.9,0.1,TR,10.1,7.3,0,0,0,TR,5.4,2.1,1.2,0,0,1.5,0.1,0.1,8.8,27.6,0,6,0,0
10/29/2024,Tmax,35,29.7,27.5,31,31,29.6,32.7,32.6,33.1,30.2,31.5,32.4,32.7,31.4,35.1,20.9,32.7,31.8,32.3,32.3,34.2,33.5,34.3,35.4
10/29/2024,Tmin,24.6,18.7,17,25.6,26.1,27,26,26.8,21.6,22.1,25.4,24.5,24.1,25.9,25,12.3,23,25.1,26.3,24,25,24.4,23.9,25.9
10/29/2024,Rainfall,0,0.1,55.2,1.4,0.3,0.5,0,0,2.6,0,0,0.2,0,0,0,0,46.5,0,2.4,5.3,0,0,0.4,0
10/30/2024,Tmax,33.3,30.1,25.8,30.3,31,30.1,31.7,32.8,33.2,32.1,31.7,33,33.1,31.5,32.2,23.8,33.8,32.3,32.4,34.3,32,33.3,33.1,34.2
10/30/2024,Tmin,25,19.1,16.9,25.9,25.4,25.8,24.8,24.9,21.9,23.4,24.6,25.4,24.4,26.5,25.5,11.4,25.2,25.1,25.7,23.4,24.7,24.9,23.2,25.9
10/30/2024,Rainfall,0,2.2,16.3,0,0,0,0.7,0,9.6,0,0,0,0,0,0,0,0,TR,0,0,0,0,39.9,0
10/31/2024,Tmax,35.2,30,25.5,31.3,31.2,30.3,32,33.3,33.8,31.5,31.5,33.1,33.2,31.7,34.5,23,33.9,32,32.8,33.8,32,33.8,32.7,31.6
10/31/2024,Tmin,23.3,20.2,17,25,24.7,25,24.6,25.2,22.6,21.5,24,23.3,23,25.7,23.8,12.6,24.8,24,25,22.9,23.8,24,23.5,26
10/31/2024,Rainfall,28.1,42.2,9,0.2,30.9,12.7,0.1,0.3,47.9,25.6,1.2,4.5,34.4,0,15.3,9.1,2.3,8.1,4.6,51.9,56.9,40,11.7,0.1
11/01/2024,Tmax,33.9,29.1,24.6,30.8,30.6,29.6,32.8,31,31.7,29.9,31.3,32.5,31.6,32,32.7,21.2,31.4,32.1,31.9,33.1,30.3,31.5,31.9,NA
11/01/2024,Tmin,22.9,19.3,16.8,24.1,24.7,25.2,24.3,24.4,22.5,21.1,23.8,23.2,22.2,25.1,22.9,11.7,24.4,23.9,25.1,22.6,23.4,23.3,23.2,29.2
11/01/2024,Rainfall,42.5,26.5,18.9,7.8,0.4,5,1,5.5,62.7,28.9,2.5,52,78.7,0.2,1.6,26.8,0.7,TR,TR,43.7,0.2,6.2,28.7,0.1
11/02/2024,Tmax,33.9,28.2,24.6,30.7,30.4,29.9,32.1,33.6,31.5,30.7,31.7,32.4,32.4,32.3,33,22.3,32.1,32.1,31.1,32.7,31.7,33.1,32.1,31.5
11/02/2024,Tmin,22.7,17.9,15.6,24.4,23.5,23.8,23.6,24.3,20.8,21,23,22.6,22.2,22.8,22.6,11.3,23.7,23.4,23.5,22,23,23.2,22.4,24.6
11/02/2024,Rainfall,47.3,0.6,12,0,2.1,15.7,0,5.4,24.6,6,11.4,50.2,71.1,48.8,29.5,18.7,0,51.3,4.2,41.7,0,6.5,TR,0
11/03/2024,Tmax,32,28.8,25.3,30.8,30.7,29.8,32,32.6,31.8,30.3,30.3,32.7,31.9,31.3,31.9,21.5,31.5,31.2,31.6,33.9,30.6,32,32.9,31.5
11/03/2024,Tmin,23.2,19.6,17.5,25,24.6,24.7,24.6,24,23,21.6,24.5,23.4,22.9,24.9,23,13.6,25,23.6,23.7,22.8,23.7,23.4,24.1,25.5
11/03/2024,Rainfall,21.3,38.4,22.6,1.6,9.2,0.8,2.8,TR,5.7,25.8,6,29.3,TR,9.1,19.2,28.1,0,2.7,111.1,7.4,2.8,15.4,0.6,4.8
11/04/2024,Tmax,NA,NA,NA,NA,NA,NA,NA,NA,NA,NA,NA,NA,NA,NA,NA,NA,NA,NA,NA,NA,NA,NA,NA,NA
11/04/2024,Tmin,NA,NA,NA,NA,NA,NA,NA,NA,NA,NA,NA,NA,NA,NA,NA,NA,NA,NA,NA,NA,NA,NA,NA,NA
11/04/2024,Rainfall,NA,NA,NA,NA,NA,NA,NA,NA,NA,NA,NA,NA,NA,NA,NA,NA,NA,NA,NA,NA,NA,NA,NA,NA
11/05/2024,Tmax,32.7,27.8,23.5,31.5,30.5,29.9,31.2,32.5,32.6,30.2,32.1,32.7,32.3,31.8,32.5,20.6,33.2,31.8,30.7,32.8,30.5,32.7,30.6,31.7
11/05/2024,Tmin,22.8,18.9,16.1,24.9,23.6,24.8,23.9,22.9,22.7,20.1,22.7,21.9,21.7,27.8,22.4,11.6,25,23,23.6,23,23.2,23,23.1,28
11/05/2024,Rainfall,0,14.9,3.3,0,1,0,0.9,0,0.5,TR,42.8,10.5,0,0,0,28.4,0,0,1.2,46.9,0,0,1,0
,,,,,,,,,,,,,,,,,,,,,,,,,
11/06/2024,Tmax,34.3,28.6,26,31.5,31.7,30,32.6,32,33.2,30.4,32.5,32.3,32.5,32.1,33.2,22.4,34.1,32.2,33,33.7,31.3,32.7,32.7,32.9
11/06/2024,Tmin,24,18.6,16,25.6,25,25.6,25.3,24.6,22.1,20.6,23.6,23.6,23.1,27.5,23.9,9.7,25.2,23.9,25,22.3,24.5,24.1,24.5,26.1
11/06/2024,Rainfall,0,0,0,0,0,0,0,15.9,0,0,0,0,0,0,0,0,0,TR,0,0,3.6,0,0,3
11/07/2024,Tmax,32,29.6,26,32.9,31.3,29.8,33.6,28.7,34.3,31.3,31.8,32.7,32.5,30.4,32.9,21.4,34.2,31.8,32,33.7,30.6,31.2,33.9,30.7
11/07/2024,Tmin,24.8,21.3,18.2,25.9,25.9,25.5,26.3,24.2,24.1,22.3,24.7,24.4,24.4,24.9,24.9,13.2,25.5,24.6,26,24,25,24.5,25.5,26.6
11/07/2024,Rainfall,0.2,0,0,0,0,16.8,0,26.6,TR,0.7,0,0,2.5,15.6,15.7,0,10.4,0,0,0,9.5,16.3,0,88.3
11/08/2024,Tmax,27.5,29.1,26.1,31.5,30.6,29.5,33,28.2,32.3,30.4,31.1,31.8,28.1,30.9,31,20.9,33.9,30.3,32,32.6,28.4,27.3,33.3,30.2
11/08/2024,Tmin,23.3,19.5,17.6,24.1,24,24.9,25.4,23,22.6,20.4,23.9,23.1,23.1,24.8,23.8,13.7,23.3,23.3,24.4,23.2,23.3,23.2,23.8,23.6
11/08/2024,Rainfall,35.5,89.8,97.5,113.6,11.9,0,TR,35.7,72.9,153.4,34.6,105.1,36.4,7,16.2,42.8,72.6,124.4,16.5,4.5,37.9,33.2,6,34.3
11/09/2024,Tmax,32.7,27.1,24.9,30.7,32,30.7,33.7,30.5,31.1,30.4,33,32.5,31.5,30.8,32.2,21.2,30.5,32.9,33.5,34.2,29.1,31.1,32.3,30.9
11/09/2024,Tmin,22.9,18.3,15.7,23.7,24.9,24.6,23.5,24.1,21.4,18.9,23.6,23.2,22.1,27.5,23.1,9.6,24.3,23.3,24.9,22.2,23.5,22.9,22.6,26.6
11/09/2024,Rainfall,2.2,0.6,TR,5.6,0,1.5,5.5,0,0,0,0.4,0,0.6,0.2,0.5,0,4.4,1.6,0,0,TR,5.6,0.1,0.7
11/10/2024,Tmax,33.1,27.7,25.4,30.2,32.2,30.8,32.1,NA,32.9,30.5,33,33.1,32.1,31.3,32.1,22.5,32.7,31.7,33.6,35.2,30.9,32.3,32.8,31.3
11/10/2024,Tmin,22.6,18.2,16.5,25,24.8,25.2,24.5,22.9,22.1,20,23.7,23.5,22.4,26.5,23.6,11,24.9,23.5,24.7,23.2,24,23.4,23.3,27.5
11/10/2024,Rainfall,3.2,0,0,3.8,0,0,0.7,7.4,0,0,0,0,0,0,TR,0,0,0.1,0,0,6.3,0,7.5,0
11/11/2024,Tmax,32.7,28.7,25.5,31,32.5,31.2,32.5,30.8,33.9,31.4,33,33.5,33.4,31.6,34.3,22.3,33.7,32.4,33.2,35.2,30.6,32.6,33.1,31.6
11/11/2024,Tmin,23.9,21,18.5,25.9,26.2,26,25.7,25,24.1,23.5,25.1,24.9,23.2,27.2,24.4,14.2,26,24.4,26.3,24.5,24.5,24.4,24.9,26.5
11/11/2024,Rainfall,0,0.6,1.2,0,0,0,0,2.7,11.7,0,0,0,0,0,0,0,0,0,0,10.9,0,0,0,0.8
11/12/2024,Tmax,33.4,29.2,25.2,31.2,32.2,31.2,33,31.1,32.9,31.4,32.1,33.4,33.7,31.4,33.8,23.2,33.7,32.1,33.2,35.2,30.9,33,NA,31.5
11/12/2024,Tmin,23.9,19.2,17.3,24.7,25.3,25,23.1,24.5,22.7,21.7,24.5,23.8,23.6,25.8,22.9,12,24.8,25.4,25.4,22.5,23.2,23.2,NA,25.2
11/12/2024,Rainfall,0,20.7,5.4,0,0.4,TR,61,0,36.3,2.9,1.9,1.6,0.9,0,10.6,7.7,2.2,TR,0.4,23.5,TR,2.3,NA,0.1
11/13/2024,Tmax,35.9,29.4,25.8,32.7,31.7,30.7,32.7,33.1,33,31.4,31.8,33.3,33.4,32,33.8,23.6,NA,32.7,32.7,34.5,32.3,33.3,NA,31.4
11/13/2024,Tmin,23.9,19,16.8,25.2,24.3,25.4,25,24.3,22,21.6,23.2,22.8,22.8,26,23.5,12.1,NA,23.9,24.4,22.8,24.9,24.2,NA,28
11/13/2024,Rainfall,7.3,17,6.6,1.1,16.8,0.2,0,29.3,54.9,2.7,10.5,49.2,11.2,0,0.5,24.3,NA,1.3,37.8,0.4,TR,0,NA,0.2
11/14/2024,Tmax,32.1,27.6,25.3,28.8,31.8,31.6,32.2,33.4,31.1,30.2,31.9,32,30.9,32.1,29.2,20.4,NA,32.8,33.1,34.1,31.8,32,NA,31.7
11/14/2024,Tmin,24.5,20.6,18,24.7,24.7,25.5,24.8,24.8,23.2,22.4,24,24.4,23.9,26.2,24.9,13.2,NA,24.2,24.9,23.4,23.9,23.1,NA,25.3
11/14/2024,Rainfall,0.1,0.4,17.7,6.5,4.1,0,37.3,3.4,2.7,0.5,5.2,2.7,0.1,0.3,1.8,TR,NA,6.2,3.9,18.4,25.6,21.8,NA,19.3
11/15/2024,Tmax,32.2,27.9,23.4,30.3,31.5,29.6,32.5,31.1,32.5,30.2,31.7,31.8,31.7,29.5,32.2,21.3,NA,32,32.3,30.6,30.4,29.4,NA,30.1
11/15/2024,Tmin,24.2,19.1,16.9,24.9,23.3,24.2,24.2,24.4,22.8,21.3,23,22.6,23.4,25,23.7,12.7,NA,24.1,23.3,22.4,24.5,23,NA,26.5
11/15/2024,Rainfall,7.5,14.9,4.9,5.4,39,12,10.8,8.8,5.8,13.6,48.6,72.7,6,10.3,25.6,6.2,NA,2.7,54.4,46.6,2.9,49.8,NA,3.5
11/16/2024,Tmax,34.2,28.6,25,31.6,31.3,31.2,32,32,33,30.4,31.5,32.6,33.1,31.9,33,21.4,NA,33.8,32.2,33.5,31.6,32.5,NA,31.7
11/16/2024,Tmin,24.6,17.8,16,25.7,24.3,24.4,25.3,24.4,22,20.9,23.5,22.8,23.5,26.7,24.5,14,NA,24,24.3,22.3,24.9,23,NA,25.9
11/16/2024,Rainfall,0,0,3.8,0.3,0.1,9.7,0,33.1,0.5,3.7,1.4,20,0,1.8,0,5,NA,1.4,0.4,28.9,0.4,0,NA,2
11/17/2024,Tmax,33.8,28.2,24.9,30.7,32,32.9,33.2,31.4,32.3,32.4,33,33.6,32,32.1,32.7,20.8,NA,33.3,32.6,35.2,31.4,32.1,NA,31.3
11/17/2024,Tmin,24.5,19.9,16.8,25.6,25.5,25.5,25.4,24.2,23.4,21.4,24.2,23.6,23.1,27.1,24.5,12.3,NA,24.5,25.6,24.6,24.2,23.9,NA,26.6
11/17/2024,Rainfall,0.9,0.4,0.9,0.7,15.7,0.1,TR,2.6,0.2,0,0.1,0,3,TR,3,TR,NA,TR,38.5,15.3,1.7,2.2,NA,27
11/18/2024,Tmax,33.3,28.4,25.9,31.2,31.2,30.9,33.2,30.5,32.5,32.9,32.5,33.7,32.1,31,32.2,21.3,NA,32.4,32.4,33.8,30,30.1,NA,29.9
11/18/2024,Tmin,25.2,20,16.8,25.7,23.4,25,24.2,24.5,24,21.6,22.9,23.4,24.1,26,24.8,11.6,NA,24.5,23.7,23,25.3,24,NA,25.6
11/18/2024,Rainfall,0,TR,0,1.3,11.8,1.3,6.2,22.5,1.3,3.3,15.9,0.5,9.6,1,TR,3.5,NA,8.3,7.2,48.1,4,3.8,NA,51.4
11/19/2024,Tmax,33,28.4,24.1,30.5,31.1,30.5,31.9,28.3,32.8,30.9,31.7,33.1,30.9,28.1,32.2,22.8,NA,30.9,32.3,33.7,30,30.6,NA,30
11/19/2024,Tmin,24.2,19.3,17.1,25,23.5,24.1,24.1,24,23,22.2,23.5,23.4,24.1,23.9,24.1,13.4,NA,24.4,23.7,22.7,24.4,23.9,NA,24
11/19/2024,Rainfall,12.4,31.2,9.7,3.5,22.8,20.3,0.9,61.3,4.5,4.6,2.9,2.8,6.7,14.2,14.2,5,NA,47.8,10.3,32.2,13,17.8,NA,19.8
11/20/2024,Tmax,31.2,28.6,24.7,29.3,30.3,29.6,32.2,26.8,31.1,29.2,31.1,29.7,30.5,29.2,30.8,21.7,NA,30.3,31.1,32.7,28.2,29.1,NA,29.6
11/20/2024,Tmin,24.2,20.6,18.4,25.4,24.5,24.2,24.4,23.6,24.1,21.3,24.4,23.3,23.7,25.5,23.9,14,NA,24,24.4,22.6,24.6,24,NA,25.7
11/20/2024,Rainfall,9.7,2.6,0.3,21.1,2.5,36.5,7.5,4.7,0.6,0.1,0,0,3.3,14.3,5.1,0.5,NA,0.8,1.6,11.8,3.1,5.6,NA,3.6
11/21/2024,Tmax,32.6,26.9,25,29.7,31.4,30.1,30.1,26,31.6,29.2,31.9,31.6,30.4,29.8,30.6,22.2,NA,31.8,31.8,31.1,30.4,28.9,NA,NA
11/21/2024,Tmin,23.4,19.6,16.6,25,24.4,25,23.9,22.6,23.1,21.6,24.1,24.5,23.5,24.2,24.4,13,NA,23.6,24.4,23,24.2,23.4,NA,23.2
11/21/2024,Rainfall,5.7,23.5,9.9,20.2,1.8,0.6,0,152.9,17.3,6,15.8,0.2,0.6,0.8,1.1,18.9,NA,10.3,0.6,2.4,14,23.5,NA,148.7
11/22/2024,Tmax,23.9,22.3,29.7,31.4,29.6,33,29.8,29.8,25.2,31.3,30,30.8,28.8,29.7,19.3,NA,29.4,32.5,33.1,30.3,28.3,NA,30,NA
11/22/2024,Tmin,20,18,24.4,24.1,24.5,24,25,23.1,21.1,23.8,23.3,23.7,23.3,23,14.4,NA,24,24.1,23,23.6,23.9,NA,27.1,NA
11/22/2024,Rainfall,6.5,6.9,5.1,5.3,4,8.2,5.1,10.3,1.5,9.2,14,15.7,212.5,27.9,0.7,NA,15.2,39.1,35.2,24.8,47.5,NA,4.9,NA
11/23/2024,Tmax,30.9,26.9,23.7,29.5,32.3,31.6,NA,30.5,31.1,29.8,30.6,31.7,30.9,29,30.5,NA,NA,30.5,32.5,32.2,30.2,30.6,NA,29.9
11/23/2024,Tmin,23.4,19.7,17.1,24.2,24.8,24.4,24.4,23.9,23.2,21.3,24.3,24,23.5,23.7,23.7,14.3,NA,23.8,24.7,23.5,23.5,23.2,NA,24.2
11/23/2024,Rainfall,19.3,29.8,17.4,33.2,1.2,7.6,2.4,0,48.4,13.8,8.1,5.1,19.5,13.2,51.6,11,NA,16.5,0.9,2.2,28.3,35.2,NA,56.7
11/24/2024,Tmax,25.6,22.9,28,29.6,29.5,NA,29.4,30.1,27.4,29.9,28.2,26,27.8,26.7,18.7,NA,28,30.4,30.9,24.8,25.8,NA,29.5,NA
11/24/2024,Tmin,19.7,17.9,24.1,24.2,24.2,23.9,23.5,22.8,21.5,23.6,23.2,23.5,24.1,23.3,14.5,NA,23.3,24,23.1,23,NA,NA,23.9,NA
11/24/2024,Rainfall,31.5,20.2,65.3,0.7,26.7,2.8,16.5,20.1,13.3,1.6,8.5,26.6,27.5,41.8,22.3,75.4,3.8,1.2,41.2,151.9,NA,NA,70.5,NA
11/25/2024,Tmax,25.3,21.4,19.3,27,27.3,27.9,28,27.4,26,24.5,26.9,25.5,24.8,27,26,17.5,NA,25,27.6,26.6,25.4,24.5,NA,NA
11/25/2024,Tmin,23.5,19.8,17.6,24.6,24,24.3,23.5,NA,22.8,21.4,24,23.5,23.4,23.8,23.9,14.8,NA,23.7,23.9,NA,23.2,23.6,NA,24.9
11/25/2024,Rainfall,88.1,148,104.1,103.4,17.3,3.9,42.6,NA,87.6,160.9,13.9,68.3,54.1,44.6,162.6,97.9,212.3,36.2,11.7,32,57.9,48.9,NA,70
11/26/2024,Tmax,24.7,21.1,18.9,26.6,26.5,27.4,28.7,25.9,23.8,22.3,26.3,24.4,24.5,26.4,25.1,16.5,25.4,25.4,26.6,25.3,27.5,25.4,NA,28
11/26/2024,Tmin,23.4,19.9,18.2,23.9,24.4,25,24.1,23.4,22.5,21.4,24.2,23.4,23.5,23.9,23.9,15.5,24.4,23.9,24,23.5,23.7,23.6,NA,24
11/26/2024,Rainfall,87.8,21.7,23.2,172.5,100.9,25.7,0.2,253,7.7,98.6,117.3,91.1,81.1,85.6,98.3,54.7,7.3,65.5,59.4,34,122.5,208,NA,159.8
11/27/2024,Tmax,26.1,24.7,22.8,28.2,27.9,28.4,34,25.2,31.5,23.7,28.2,26,26.1,25.6,27.4,17.5,32.5,26,28.3,28.3,26.6,25.2,NA,26.8
11/27/2024,Tmin,22.1,19.8,18.4,23.6,23.5,24.1,24.7,23.9,23.1,19.4,23.4,21.9,21.6,24.5,22,12.6,24.1,24.3,23,22.1,22.6,22.5,NA,23.5
11/27/2024,Rainfall,25.9,2.6,0.7,10.5,11,38,0,79.7,4.2,24.9,13.4,9.5,17.9,17.8,21.6,46.9,1.1,4.7,9.7,3.1,100.1,23,NA,90.1
11/28/2024,Tmax,26.8,22.3,22.5,27.4,29.5,30.9,34.9,25.8,29.8,21.3,29.3,25.5,24.8,26.5,26.9,16.3,30.3,27.9,30.3,29.4,25.4,24.5,NA,25.3
11/28/2024,Tmin,21.6,19.9,18,24,24.4,24.9,25.1,22,23.1,19.7,23.3,22.1,22,23.3,23.5,13.3,25.1,22.6,24.4,23.6,22.4,22.9,NA,23.2
11/28/2024,Rainfall,6.8,2.5,TR,TR,0,0,0,7.6,3.6,24.9,0,15.3,8.1,3.2,0,29.5,TR,2.9,0,0,6.5,5.6,NA,8.9
11/29/2024,Tmax,25.8,25.2,23.7,27.9,28.9,28.8,32.1,26.5,29.7,22.9,26.2,24.7,25.1,26.5,27.5,15.4,31,26.8,29.1,29.5,25.2,24.8,NA,25.8
11/29/2024,Tmin,22.7,19.8,18.1,23.8,23.3,23.5,24.7,24.1,23.7,21,23.9,22.9,22.4,23.1,23,14.1,24.9,23.8,23.1,22.2,22.4,22.7,NA,23.3
11/29/2024,Rainfall,2.7,0.3,TR,0,14.8,70.4,3.8,0,TR,8.7,2.3,28.1,2,4.4,0,14.1,0.5,0.5,22.7,36.8,0.1,2.4,NA,TR
11/30/2024,Tmax,30.8,24.4,22.5,28.9,27.9,28.5,28.8,29.2,27.8,25.6,28.5,27.4,29.2,28.8,29.9,15.5,29.1,30.1,28.5,26.3,30.8,30,NA,30.9
11/30/2024,Tmin,24.9,19.7,18.5,24.5,24.2,22.7,24.8,25.6,22.8,19.9,24,24.5,24,26.4,24,13.4,24.7,26,24.3,22.3,24,24.5,NA,26
11/30/2024,Rainfall,0.2,1.6,1.2,0.3,1.5,19.9,0.1,0.1,0.8,0.2,0.4,0.1,0,0,0.2,10.2,TR,0.1,4.1,0,0,0,NA,0
12/01/2024,Tmax,30.9,28.8,27.8,30.7,31.2,30,33.8,30.3,32.8,29,31.5,30.9,30,30.1,32.5,19.8,32.8,30.2,32.5,32.6,NA,30,NA,NA
12/01/2024,Tmin,24,16.4,17.4,23.7,27.2,27.8,25.6,25.5,19.3,19,24.5,24.2,24.4,27,21.5,13.7,23.1,26.2,27.6,23.1,NA,24.5,NA,24.8
12/01/2024,Rainfall,0,0,0,0,0,0,0,0,0,0,0,0,0,TR,0,0,0,0,0,0,NA,0.8,NA,2.8
12/02/2024,Tmax,33.4,28.5,27.5,29.2,31.3,30,34.1,31.1,33.6,29.5,31.7,31.7,31.3,30.9,33.3,20.3,32.5,31.9,32.5,33.6,NA,31.6,NA,32.8
12/02/2024,Tmin,22.9,15.4,15.2,23.6,24.6,25.4,24,24.4,20.6,18.2,23.4,22.9,21.6,24.6,22.1,10.9,23.7,24,24.6,21.8,NA,23.1,NA,24.6
12/02/2024,Rainfall,0,0,0,0,0,0,0,0,0,0,0,0,0,0,0,0,0,0,0,0,NA,0,NA,0
,,,,,,,,,,,,,,,,,,,,,,,,,
12/04/2024,Tmax,32.2,28.5,25.4,30.1,30.9,31.5,32.2,33.1,31.8,30.8,31.5,31.9,31.5,31.3,31.7,22.4,32.3,33.3,31.6,33.8,30.4,30.7,NA,30.6
12/04/2024,Tmin,24.6,20.2,17.4,25.2,25.1,25.5,24.9,23.5,23.1,21.9,25,24,22.9,24.9,24.5,9.9,24.8,24.4,24.9,23.4,24.5,24.4,NA,25.9
12/04/2024,Rainfall,0,0.1,0.2,0,TR,0.1,0,0,0,0,0.4,4.7,0,13.7,3.1,0,0,0.7,0,2.2,3.2,2.3,NA,1.7
12/05/2024,Tmax,34.1,27.9,25.6,29.8,31.5,32.1,32.5,33.5,33.1,30.6,32.5,33,32.6,30.1,32.4,22.8,32.4,33.5,32.3,34.8,30.6,31.5,NA,30.1
12/05/2024,Tmin,24.6,19.7,16.5,25.6,24.5,26,24.7,23.4,23.3,21.4,23.8,23.8,22.4,25.8,23.1,10.7,25.6,23.8,24.7,23.3,24.4,23.9,NA,27.1
12/05/2024,Rainfall,0,0,TR,0,TR,0,0,0,0,0,12.9,0,0,2,0,0,0,0,0.7,4.9,0,0,NA,0
12/06/2024,Tmax,33.4,25.9,24.9,29.5,32.4,30,31.1,31.5,30.8,30.2,33,33,32,30.8,32,21.5,31.1,33.3,33.2,32.7,29.7,31.7,NA,30.7
12/06/2024,Tmin,23.2,18.2,16,25.4,24.9,25.1,23.9,22.7,23.7,20,23.6,23,22.9,26.3,23.3,12.6,25,22.8,25,23.9,24.5,23,NA,27.2
12/06/2024,Rainfall,0,0,TR,TR,0,3.6,0,0,TR,0,0,0,0,0,0,0,0.1,0,0,0,0,0,NA,0
12/07/2024,Tmax,33.4,27.6,24.9,29.9,32.2,30.5,33.4,32.5,31.2,29.2,33.2,31.4,31.8,31.1,31.8,19.9,31.2,32.7,32.2,33.2,30.6,31.3,NA,30.5
12/07/2024,Tmin,23.3,19.5,16.4,26.1,24.6,24.7,24.9,23,21.7,21,23.7,23.6,22.9,26.2,24.5,12.1,25.2,23.4,24.7,24,24.3,24,NA,26.4
12/07/2024,Rainfall,0,TR,0,0.2,3,5.2,0,0,0,0,0,0,TR,0,0,0,0.3,0,0.5,0,1.7,0,NA,3.4
12/08/2024,Tmax,31.9,25.6,23,29.8,31.7,29.8,32.6,31.5,30.8,29.9,32.5,32.8,31.1,31.2,31.6,20.3,31.9,32.9,32.1,32.9,30.5,30.7,NA,29.9
12/08/2024,Tmin,22.5,17.1,13.8,24.1,23.7,24.8,24.3,22.6,21.3,18.1,22.5,22.2,21.6,25.9,22.3,8.8,23.7,22.7,23.6,23.2,25.5,22.6,NA,27.4
12/08/2024,Rainfall,0,2,0.1,0,0.2,8.8,0,0,0,6.7,0,0,0,0,0.2,TR,0,0,5.7,0,TR,1.4,NA,0.3
12/09/2024,Tmax,32.9,26.1,25.7,29.6,32.1,30.6,32.3,31.1,31.8,28.6,32.2,31.5,31.1,30.7,31.5,22.9,32.2,31.7,33.2,34.3,29.6,31.3,NA,30.4
12/09/2024,Tmin,23.2,16.8,15.1,23.8,24,24.4,24.7,24.2,21.6,18.1,22.5,22.4,22.1,26.9,22.1,11.4,23.1,22.7,23.8,22.3,24,23.9,NA,27.2
12/09/2024,Rainfall,0,0,0,0,0,0,0,0,0,0,0,0,0,0,0,TR,0,0,0,0,0,0,NA,0
12/10/2024,Tmax,34.6,26.9,25.6,29.7,31.2,29.3,31.8,30.2,32.5,29.8,31.3,31.7,31.5,30.4,31.2,23.2,32.9,30.9,32.2,33.3,30,30.1,NA,30.1
12/10/2024,Tmin,24,20.2,17.7,24.9,25,24.6,26,24.1,22.7,22,23.6,24.3,24,NA,24.4,12.2,24.3,24.5,24.9,23.2,23.9,24.2,NA,24.2
12/10/2024,Rainfall,0.8,0.7,0,0.2,0,0,0,18.2,0,0.3,0,0.4,TR,NA,3.1,0,0,0,0,0,2.7,1.5,NA,31.5
12/11/2024,Tmax,29.2,27.3,25.6,30.5,30.9,30.8,33,26.2,32.5,29.6,31.3,31.2,29.7,28.2,31.6,21.1,33.5,29.6,32.1,33.8,29.2,28.3,NA,26.6
12/11/2024,Tmin,23.7,21.4,18.9,25.4,25.1,25.3,24.7,24,24.9,21.6,24.1,23.7,23.4,24.9,24.6,14.8,23.7,24.4,25.2,24,24.1,24,NA,25.1
12/11/2024,Rainfall,5.2,2.5,22.1,TR,6.1,0,21.7,74.8,28.4,2.3,19.6,11.1,1.2,46.5,1.3,0,6.4,9.9,27,0,2.3,6.3,NA,35.4
12/12/2024,Tmax,32.2,27.9,26.3,30.7,29.9,29.3,32.3,30.4,31.1,30,30.1,30.8,30.6,29.6,31.8,23.6,32.1,30,31.1,33.5,31.2,30.6,NA,29.7
12/12/2024,Tmin,23.7,21.2,18.3,23.9,25.8,26.1,24.5,23.8,23.5,22.6,25,24.7,23.9,24.5,22.7,14.5,24.9,24.9,25.7,23.9,23.7,24.1,NA,25
12/12/2024,Rainfall,113.3,8.1,1,0,0.8,0,11.6,54.9,32.1,0.2,0.3,0,55.6,24.3,34.2,0.6,0,0.6,1.4,0,0,2.5,NA,1.1
12/13/2024,Tmax,34.2,27.1,24.3,30.3,31.1,30.9,32.4,31.1,32.2,29.8,31.4,32,31.9,29.9,30,23.1,31.7,31.7,32.6,34.7,30.5,31.8,NA,29.1
12/13/2024,Tmin,23.2,18.8,16.2,24,24.8,25.9,24,23.6,21.4,20,24.3,22.1,22.7,25.6,22.8,12.3,24.1,24,25.2,23.3,24.7,24,NA,25.1
12/13/2024,Rainfall,23.5,26.9,13.4,1.1,0.2,2.8,1.4,50.3,109.1,68.8,0.7,92.1,5.3,0.3,14.8,31.5,0,TR,4,8,0.5,0.7,NA,16
12/14/2024,Tmax,29.8,26.2,24,29.4,30.8,30,32.3,30.5,30.9,29.4,31.3,31.9,30.9,28.6,28.1,20.5,31.4,33.4,31.6,32.9,29.8,29.5,NA,29.3
12/14/2024,Tmin,23.3,19.8,17.4,26.4,24.6,24.3,23.9,24.5,23.6,21.1,24.2,24.2,22.4,26,23.1,10.2,25,23.1,24.5,22.8,25.5,22.9,NA,26.7
12/14/2024,Rainfall,25.8,13.8,35.5,0.9,3,27,7.5,0.2,0,9,9.3,1.6,4.2,TR,5.1,9.3,0,0.4,2.7,101.4,0.3,18.8,NA,TR
12/15/2024,Tmax,31.5,25.5,23.4,29.5,31.7,30,33.7,29.3,31,29.3,31.5,31.2,30,29.4,30.4,24,31.8,31.7,32.8,33.2,29.4,30.1,NA,29.9
12/15/2024,Tmin,24,19.5,17.3,24.9,24.4,24.7,24.9,24.9,23,21.1,24.2,22.5,23.9,25.2,24.5,14.3,24.3,25.2,24.4,22.8,24.1,24.2,NA,24.6
12/15/2024,Rainfall,5,10.4,7.6,7,3.9,0,0,0,0,3.3,3.7,16.4,14.2,0.6,7.6,10.8,0,TR,3.9,0.7,34.9,2.8,NA,4.2
12/16/2024,Tmax,26.9,22.3,21.3,28.2,29.8,31.9,32.6,27.1,27.3,24.2,28.3,26.6,26,27.5,26.7,19.6,28,28.4,29.8,30.3,25.6,26.5,NA,27.2
12/16/2024,Tmin,23.4,20.5,18.5,24.6,24.5,25,24.8,24.7,23.5,22.1,24,24,23.9,23.9,24,14.5,24.4,23.9,24.5,23.5,23.6,24,NA,25.9
12/16/2024,Rainfall,23.8,31.9,29,17.7,9.2,0.6,0.6,1,45.5,7.1,6.3,9.5,8.9,TR,16.2,19.7,35.2,0.3,4.6,8.7,48.6,4.9,NA,5.4
12/17/2024,Tmax,28,26.6,23.8,29.4,28.9,29.4,31.1,27.4,31.8,26.5,29.5,28.4,28,28.2,30.4,21.6,32.2,28.8,30.6,32.7,28.4,27.1,NA,28.3
12/17/2024,Tmin,22.2,20.7,17.5,24.6,24.7,25.4,25,24.1,23.2,21.9,23.4,23.2,21.9,24.6,22.6,14.4,24.1,23,25,23.3,23.2,22.4,NA,24.7
12/17/2024,Rainfall,0,0,6.2,0,0,0,0,0,28.8,1.2,0.2,0.9,0,0,0,0,34.5,0,0,0,0,0.5,NA,2
12/18/2024,Tmax,32.9,27.1,25.9,30.5,31,31.5,31.4,30.2,30.8,28.2,31.4,29.8,30.2,29.6,31.1,18.7,32.1,29.8,32.4,32.1,30.5,30.9,NA,29.8
12/18/2024,Tmin,23.4,18.4,16.7,24.9,23.9,25.6,25,24.5,22,20.2,24.2,23.4,23.4,25,23.1,14.2,24.6,23.4,24.4,23.3,23.7,23.9,NA,24.9
12/18/2024,Rainfall,TR,0,TR,0,33,5.9,0,0,2.9,0,7.1,0,0,TR,0,0,1.6,0,26.8,0,0,0,NA,0
12/19/2024,Tmax,31.9,28.1,25,31.3,30.7,29.9,32.6,31,32.3,29.8,31.4,32,30.5,30.7,33.2,19.6,32.9,31.6,31.6,32.6,31.8,31.9,NA,31
12/19/2024,Tmin,24,19.5,17,26.2,25.2,25.6,25.7,24.5,23.2,21,24.6,23.6,23.3,26,24.1,14.6,25.3,24,25.4,24,24.1,24,NA,24.5
12/19/2024,Rainfall,0.5,0,0,0.9,0.6,14.4,0,0,0.1,TR,3.3,0.1,9,0,0,0,0.7,0,9,2.4,0,0,NA,0
12/20/2024,Tmax,34.1,28.7,26,31.3,31.4,30.2,31.6,31.3,32.3,30.7,31.7,32.2,32.4,31.1,34.5,21.1,32.3,32.4,32.1,33.7,32.6,33.1,NA,32.5
12/20/2024,Tmin,23.9,19.1,16.9,25.2,25,25.6,25.2,24.6,22.8,20.9,24.1,23.5,23.1,25.9,24.7,14.5,24.4,24.2,25.2,23.4,24.5,24,NA,25.2
12/20/2024,Rainfall,0,22.1,6.9,5.7,0.8,7.2,0.7,0,1.4,0,TR,TR,0,0,0.3,0.3,TR,0,1.8,18,17.7,0,NA,0.2
12/21/2024,Tmax,34.7,27.2,22.8,29.8,30.7,29.4,29,30.9,31.8,30.1,31.5,31.8,32.6,31.1,32.8,21.1,33.9,32.2,31.6,30.9,31.1,33.1,NA,NA
12/21/2024,Tmin,24.3,19.3,17.1,24.6,26.3,24.4,23.5,23.9,22.2,22.4,25.4,24.6,24.2,26.2,24.5,14.2,24.1,NA,26.5,23.9,24.3,24.8,NA,25.7
12/21/2024,Rainfall,0,0.1,8.2,0.4,24.5,28.9,101,1.5,13.9,3,0.2,TR,2.2,TR,15.9,3.3,21,NA,0.1,27.8,TR,3.4,NA,0
12/22/2024,Tmax,26.8,24.9,29.3,31.5,29.7,31.9,30.2,31.1,30.3,32.3,32.1,31,30.2,32,19.9,32.9,31.9,32.5,32.7,29.4,31.7,NA,30,NA
12/22/2024,Tmin,19.1,15.4,24.3,24.8,25.3,24,22.3,22.1,21.6,23.4,22.5,22.2,26.4,23,13.2,23.6,22.6,24.7,22.9,23.1,22.9,NA,25,NA
12/22/2024,Rainfall,0.2,TR,0,0,0,TR,0,0,11.7,0,2.5,0.1,0,TR,TR,0,0,0,0,0,0,NA,0,NA
12/23/2024,Tmax,32.9,26.9,24.5,29.6,31.6,30.6,31.6,30.1,32.3,29.7,32.2,32,31.2,30.1,36.3,19.9,NA,31.3,33.1,32.9,29.8,31.5,NA,30
12/23/2024,Tmin,21.6,16.2,14.7,23.4,23.1,24,24.3,21.3,22,18.7,21.1,21.4,20.3,23.2,26.4,13.2,24.3,20.6,23.4,20.2,21.9,22.1,NA,23
12/23/2024,Rainfall,0,0,0,0,0,0,0,0,0,0,0,0,0,0,0,0,0,0,0,0,0,0,0,0
12/24/2024,Tmax,26.4,25.3,30.1,31,29,31.8,31,31.4,28.6,31.6,32,31.1,30.6,32.1,19.4,30.8,31.3,31.5,33.8,32.4,31.3,NA,31.2,NA
12/24/2024,Tmin,15.4,14.3,24.5,23.2,24,23.7,21.8,22.4,16.4,21.4,20.6,20.1,23.6,26.4,13.5,24.9,21.8,23.2,19.8,22,21.6,NA,22.8,NA
12/24/2024,Rainfall,0,0,0,0,0,0,0,0,0,0,0,0,0,0,0,0,0,0,0,0,0,NA,0,NA
12/25/2024,Tmax,34.2,27.7,26,29.6,30.5,29.3,31.3,31.6,32.8,30,31.4,32,32.1,31.2,32.1,20.9,30.6,31.7,31.7,33.8,31.4,32,NA,NA
12/25/2024,Tmin,23.3,17,14.1,23.6,23.2,23.9,24,23.2,20.6,18.9,21.6,21.6,21.4,24.7,22.4,11.1,23.4,22.5,23.1,20.8,23.1,23.1,NA,24.3
12/25/2024,Rainfall,0,0,0,0,0,0,0,0,0,0,0,0,0,0,0,0,0,0,0,0,0,0,NA,0
12/26/2024,Tmax,33.1,26.4,24.6,29.4,31,29.5,31.7,31,31.6,30.4,31.4,33,31.4,31.5,32,21.9,30.8,31.6,31.6,34.6,30.5,32,NA,29.9
12/26/2024,Tmin,23.2,16.4,13.6,24.7,24.6,25.3,22.9,24,20,18.2,22.4,21.4,21.6,26.2,22,7.5,23.4,22.8,24.9,21.8,23.4,22.9,21.9,25.5
12/26/2024,Rainfall,0,0,0,4.2,0,0,0,0,0,0,0,0,0,0,0,0,0,0,1.1,0,0,0,0,0
12/27/2024,Tmax,32,26.4,22.9,29.5,30.7,29.6,32.7,31.1,31.4,28.2,31.6,31.2,29.5,30.2,30.5,17.7,32.5,32.1,31.7,33.6,29.1,31.3,32,29.3
12/27/2024,Tmin,23.2,19.8,17.9,25.1,25,24.9,24.9,21.6,23.2,21.2,24,24,22.9,24.5,23.6,13.8,24.5,23.5,25.1,23.5,23.7,23.2,23.7,26
12/27/2024,Rainfall,17.3,6,1.3,0,0,TR,0,0,0.8,14.9,0.1,0,5.3,0.8,17,2,0,0.1,0,1.9,5.2,11,12.8,TR
12/28/2024,Tmax,33.1,25.7,23.1,29.2,31.9,29.4,33.4,30.6,31.1,29.2,32.7,31.6,31.1,30.9,31.6,19.6,32.1,32.4,33.1,34.3,29,30.8,30.6,30.1
12/28/2024,Tmin,23.1,17.2,15,25.7,25,24.3,23.1,23.7,21.6,19.4,23.6,23.4,23.4,26.4,24,11.1,24.5,23.7,24.6,22.9,25.2,23,21.7,25.4
12/28/2024,Rainfall,0,1.9,1,0,0,12.4,0,0,0,0,0,0,0,TR,0.8,0,2.7,0,0,0,0.3,0,0,5.3
12/29/2024,Tmax,32.7,26.8,23.4,28.4,31.3,29.7,34.5,30.4,31.3,29.5,32.6,32.1,30.7,29.7,29.7,20.2,31.1,31.4,32,33.3,29.5,31.4,32.3,30.2
12/29/2024,Tmin,24.1,18.9,16,24.9,25.3,24.7,24.2,23.9,22.3,20,23.5,23,22.7,25.1,23.1,12.1,24.3,23.6,25.1,23.2,24.5,24.4,23.5,25.8
12/29/2024,Rainfall,TR,0,0,7.2,0,29.8,1.2,18.6,0,0.1,0,1.4,0.3,0,2,0,5,0,0,0,0,0,0,0
12/30/2024,Tmax,32.5,26.4,23.8,29.3,31.5,30,32,27.7,30.8,28.5,31.8,31.2,30.5,29.1,31.1,20.7,31.6,32.3,32.1,33,28.3,29.6,32,28.2
12/30/2024,Tmin,24.2,20.4,18.4,24.6,25.3,24.4,24.5,24.5,24,22.1,24.3,23.9,23.5,24.8,24.3,14.6,25.8,24.4,25.1,23.9,24.8,23.9,24.1,24.5
12/30/2024,Rainfall,49.2,14.4,7.7,6.6,11.3,17.6,17.2,8.9,TR,13.2,10.2,3.1,8.1,2.6,37.4,9.5,TR,11.7,1,13,9.6,12.6,7.2,16
12/31/2025,Tmax,28.5,25.4,23.1,27.4,30.5,29.4,31.9,29.1,30.2,29,31.2,31.7,27,28.9,26.5,18.4,31.4,30,30.3,32.7,29.4,29.6,31.8,28.9
12/31/2025,Tmin,24,20.3,18.1,23.7,24.7,24.7,24.3,25.7,23.1,21.8,24,23.6,23.3,24.7,23.8,14.8,24.4,23.9,24.5,23.3,24.6,24.1,23.6,24.4
12/31/2025,Rainfall,31,28.4,10.6,36.1,4.4,11.8,2.5,4.1,16.5,9.1,1.3,0.5,86.6,22.1,90.9,19.2,10.8,20.6,4.3,2.4,16.2,15.7,4.3,21.4
01/01/2025,Tmax,27.7,25.4,22.1,26.3,29.7,31.9,32.1,29.7,29,26.6,29.7,28.6,25.9,29.2,24.8,16.5,29.8,27.5,31.5,30.7,27.6,28,29.4,NA
01/01/2025,Tmin,22.3,20,17.9,24.6,24,24.8,24,20.7,23.1,21.2,23.4,23.9,22,26.5,22.2,14.2,24.7,22,24,23.1,24.9,20.9,23.6,26.1
01/01/2025,Rainfall,TR,14.9,8,17.9,12.6,1.6,12.8,0,11.2,21.1,9.4,13.7,18.4,0,59.2,29.3,6.9,0.2,16.7,9.6,TR,0,15.8,0
01/02/2025,Tmax,30.2,20.4,18.5,28.1,28.1,26.7,27.7,30,25.1,25.1,29,28,28.9,29.3,28.5,15.6,26.8,29.7,28.4,28,28.9,29.4,25.4,28.8
01/02/2025,Tmin,21.4,18.4,15.4,24.5,24,24.5,22.8,21.2,22.6,19.4,23.5,23.2,21.5,25.5,22.2,13,24,21.9,23.7,22.6,24.9,21.6,22.3,26
01/02/2025,Rainfall,0,3.4,6.9,0,TR,5.4,10.6,0,2.7,0.1,0,0,0,0,0,10.1,7,0,TR,0.4,0,0,4.4,0
01/03/2025,Tmax,30.5,22.1,20.6,28.8,31.6,28.7,31.6,28.8,29.1,27.8,31,29.9,29.4,29.1,29.8,19.7,30,30.8,32.9,33.3,28.9,27.9,30.8,28.7
01/03/2025,Tmin,20.6,19.2,16.1,25.6,24,24.4,23.9,19.5,23,19.9,23.3,23,20.8,25.1,22.2,12.3,24,21.2,24,23.2,21.9,19.6,22.5,25.8
01/03/2025,Rainfall,0,0.5,0.3,0,0,0,0,0,0,0,0,0,TR,0,0,TR,0,0,0,0.6,0,0,0,0
01/04/2025,Tmax,30.5,20.7,21,29,30.2,28.9,30.7,29.5,28.5,27.5,30.9,30.3,29.6,29.2,29.8,23.1,29.8,29.7,30.9,32.5,28.5,29.8,30.8,29.4
01/04/2025,Tmin,22.4,18.4,16.2,24.5,24.9,24.4,23.6,20.3,22,20.9,23.6,23.1,21.8,25.3,22.9,12.8,23.4,21.7,25,23.6,23.3,22,23.1,25.8
01/04/2025,Rainfall,0,0.3,0.3,0,0,1.2,0.1,0,0,0,0,0,0,0,0,0,0,0,TR,14.5,0,0,0.3,0
01/05/2025,Tmax,32.2,24.1,22.9,28.5,31.1,28.8,32.8,30,30.6,29.5,32.1,31.4,30.2,29,30.1,21.1,30.7,30.7,32.8,33.3,29.1,30.2,31.3,29.9
01/05/2025,Tmin,20.2,18.9,16.3,23.3,23.8,24.6,23.6,19.1,22.6,20.7,22,21.6,19.4,24.5,21,10.8,23.4,20.6,24,22.9,21.1,20,22.6,25.3
01/05/2025,Rainfall,0,0,0,0,0,0,0,0,0,0,0,0,0,0,0,0,0,0,0,0,0,0,0,0
01/06/2025,Tmax,31.9,24.1,23.9,28.5,29.9,28.8,31.3,29.4,29.3,27.3,31.2,30.4,30.6,29,30.7,21.6,31.5,30.7,31.8,32.5,28.8,30.3,31.7,29.2
01/06/2025,Tmin,23.2,15.2,13.6,23.6,22.9,24.6,22.6,23,20.9,16.1,22,20.5,22,25,22.3,9,22.6,21.9,22.9,21.7,22.9,22.9,21.6,24.6
01/06/2025,Rainfall,0,0,0,0,0,0,0,0,0,0,0,0,0,0,0,0,0,0,0,0,0,0,0,TR
01/07/2025,Tmax,32.7,26.8,24.2,29.4,30.7,28.8,33.3,28.0,32.2,30.7,31.7,32.2,NA,29.0,31.9,22.7,31.2,31.7,31.4,33.8,29.1,27.5,32.7,29.2
01/07/2025,Tmin,22.9,17.4,16.9,23.9,24.3,24.7,23.9,23.4,21.8,19.3,22.8,21.7,21.5,24.9,22.4,9.8,23.6,21.6,24.5,22.9,24.2,23.6,23.2,26.1
01/07/2025,Rainfall,0.0,1.7,0.2,2.8,0.0,0.0,0.1,0.0,0.0,0.0,0.0,0.0,0.0,TR,0.5,0.0,0.0,0.0,TR,0.0,19.3,2.7,0.0,0.0
01/08/2025,Tmax,32.2,26.4,24.3,28.8,30.6,28.9,33.0,NA,31.8,30.2,31.7,32.4,30.3,28.7,NA,20.8,30.7,30.2,31.6,34.1,29.4,NA,32.4,28.1
01/08/2025,Tmin,22.1,19.0,17.0,24.5,25.1,26.0,24.6,23.9,23.3,20.1,23.6,22.9,20.8,24.8,23.1,12.1,24.5,22.1,25.3,23.9,23.9,21.3,22.4,25.8
01/08/2025,Rainfall,0.0,2.2,3.9,5.1,0.0,0.6,0.0,0.0,0.0,0.0,0.0,0.0,0.0,0.0,TR,0.7,0.9,TR,0.0,2.5,TR,0.7,25.1,0.0
01/09/2025,Tmax,30.9,23.6,23.6,27.6,31.8,28.9,34.1,29.2,29.8,29.6,32.7,31.8,30.0,29.8,29.0,21.0,29.4,31.8,32.1,34.8,28.9,29.5,31.5,29.1
01/09/2025,Tmin,23.7,20.5,18.2,25.4,25.1,24.7,23.9,25.2,23.5,22.3,24.4,24.3,23.4,26.0,24.0,13.8,24.3,23.7,25.5,23.9,24.8,24.3,23.3,25.5
01/09/2025,Rainfall,42.0,3.2,1.2,5.3,0.0,0.0,0.0,0.0,0.0,0.7,TR,0.0,50.2,TR,3.6,9.0,0.0,0.5,0.0,TR,4.0,0.0,0.0,0.0
01/10/2025,Tmax,31.6,25.2,23.0,28.7,33.4,29.7,33.2,29.5,31.3,29.6,33.6,32.5,30.3,29.5,30.6,20.8,32.0,32.8,34.3,33.7,28.8,30.3,32.6,29.0
01/10/2025,Tmin,23.9,19.4,16.4,23.6,25.1,24.5,24.0,24.9,21.8,20.5,23.6,23.9,23.1,26.0,23.4,12.6,22.8,23.1,25.1,23.4,25.7,23.1,23.1,26.2
01/10/2025,Rainfall,0.2,4.3,3.2,22.1,0.0,4.8,0.3,0.2,1.3,0.6,0.0,0.1,0.8,0.0,1.1,0.5,9.7,0.0,0.0,0.0,0.0,10.3,0.0,0.0
01/11/2025,Tmax,28.5,19.6,18.8,25.3,30.1,30.9,28.9,28.7,23.8,24.3,29.9,28.5,27.9,28.8,27.5,18.2,27.0,30.4,31.1,30.9,27.5,27.7,27.8,27.7
01/11/2025,Tmin,23.3,18.2,17.3,23.0,23.9,24.4,23.4,23.6,22.1,21.0,23.6,23.0,22.9,24.4,22.4,14.7,22.8,23.5,23.6,22.7,22.5,23.6,23.1,23.6
01/11/2025,Rainfall,3.4,56.8,29.3,44.6,4.1,0.1,19.4,45.5,28.5,48.4,6.4,36.3,4.9,10.6,28.2,41.9,83.0,0.5,1.9,3.1,16.4,13.4,18.2,6.4
01/12/2025,Tmax,29.4,21.4,20.1,27.4,27.3,27.7,26.3,27.0,26.0,23.3,29.1,26.1,27.9,26.3,28.2,16.1,28.8,29.0,27.4,26.8,28.9,29.1,25.4,28.3
01/12/2025,Tmin,23.5,18.2,16.1,24.6,23.5,23.7,23.6,NA,22.6,20.8,22.5,21.8,23.4,25.4,23.3,12.8,26.5,23.9,23.4,22.7,24.3,23.6,23.3,25.2
01/12/2025,Rainfall,0.0,45.0,23.0,0.0,1.4,1.4,10.5,5.1,17.0,25.9,1.9,14.5,0.8,16.1,2.5,39.8,31.2,11.2,0.8,5.3,5.0,0.3,35.3,12.4
01/13/2025,Tmax,30.8,24.6,22.4,28.7,32.4,29.9,30.9,30.1,29.8,29.2,32.5,31.2,30.5,29.7,30.5,16.7,30.7,31.6,32.6,32.7,29.0,30.3,30.2,28.7
01/13/2025,Tmin,24.1,19.1,17.5,24.4,25.0,25.0,24.4,24.0,23.5,21.5,24.4,23.5,24.0,25.4,24.3,14.2,23.2,23.9,24.5,23.0,23.8,24.2,23.9,24.8
01/13/2025,Rainfall,3.7,9.8,7.2,19.1,TR,TR,2.1,0.0,8.3,6.4,3.6,0.5,1.8,4.2,0.3,8.4,25.1,TR,1.9,0.1,9.3,6.1,2.7,4.9
01/14/2025,Tmax,26.7,22.9,19.7,27.3,30.0,26.1,27.3,27.4,25.3,26.0,28.5,26.5,25.9,25.5,27.4,15.3,27.5,27.0,29.6,28.6,26.9,25.7,25.0,26.5
01/14/2025,Tmin,23.0,19.9,17.5,23.5,24.0,23.9,23.7,23.3,22.5,21.4,23.6,22.7,22.8,23.0,23.4,13.6,23.3,23.1,23.7,23.0,22.8,23.0,23.1,24.1
01/14/2025,Rainfall,59.0,20.8,16.1,42.9,0.1,4.6,19.3,18.4,30.4,10.6,0.3,9.5,61.7,90.5,35.9,13.5,70.5,13.9,0.1,2.5,43.3,65.2,19.2,56.9
01/15/2025,Tmax,30.2,23.7,20.9,28.3,31.3,28.6,28.2,28.2,26.8,26.6,31.6,30.6,29.9,29.1,29.6,16.1,26.4,31.7,31.1,32.0,28.6,29.0,27.8,27.9
01/15/2025,Tmin,24.1,19.6,17.4,25.2,24.9,24.5,24.6,24.4,23.1,21.6,24.5,24.0,NA,25.5,24.4,13.8,24.1,24.0,24.7,23.2,24.0,24.1,23.6,25.9
01/15/2025,Rainfall,7.0,1.7,0.6,5.3,0.0,0.0,0.6,8.4,1.9,0.2,0.0,TR,NA,0.8,6.0,0.7,17.9,7.7,0.0,0.0,30.2,6.2,0.4,TR
01/16/2025,Tmax,29.1,22.7,20.9,28.3,31.2,30.3,29.7,30.0,27.5,25.2,30.7,28.2,27.4,29.1,29.1,15.7,30.4,29.5,31.1,31.3,29.1,29.4,29.1,28.7
01/16/2025,Tmin,23.0,18.2,16.0,26.0,24.4,23.9,23.7,23.2,22.1,20.5,23.8,23.1,20.9,25.1,22.8,9.9,23.8,22.5,23.4,22.8,24.9,22.6,22.8,25.8
01/16/2025,Rainfall,0.7,3.9,0.7,0.1,TR,2.6,0.2,0.0,0.7,3.4,0.2,2.1,2.1,TR,3.9,8.4,0.0,2.3,0.0,32.0,TR,0.0,0.2,0.4
01/17/2025,Tmax,30.2,25.1,22.3,28.7,32.7,28.3,31.7,28.7,30.4,29.4,32.3,31.2,29.4,28.7,29.8,18.5,31.0,31.0,33.3,32.9,28.5,29.3,31.2,28.6
01/17/2025,Tmin,23.7,19.9,17.8,24.1,24.6,24.2,24.6,25.5,23.2,21.6,24.0,24.2,23.4,25.0,23.0,14.0,23.6,23.5,24.7,22.0,24.1,24.0,24.1,25.4
01/17/2025,Rainfall,7.4,0.0,0.3,5.5,0.0,0.0,TR,0.0,0.0,TR,0.0,TR,4.0,TR,10.4,0.3,11.4,0.8,0.0,0.0,12.5,0.0,0.0,0.6
01/18/2025,Tmax,29.0,24.1,21.8,27.4,31.1,28.6,30.7,28.4,27.1,26.2,31.2,29.5,27.8,27.5,27.2,17.0,27.7,28.7,31.6,32.5,27.5,29.5,30.1,28.3
01/18/2025,Tmin,23.0,19.9,17.8,24.2,24.3,24.3,23.5,23.9,22.8,21.7,23.8,23.4,23.2,23.6,23.4,14.4,24.0,23.4,24.5,22.7,22.6,23.0,23.3,25.6
01/18/2025,Rainfall,73.5,28.1,35.2,48.3,7.5,10.0,46.7,9.4,43.6,68.7,16.5,68.4,49.3,36.1,67.7,38.4,71.5,48.0,6.7,12.3,178.0,24.2,29.3,3.5
01/19/2025,Tmax,26.1,20.7,18.5,25.2,27.5,27.4,28.2,27.7,24.3,22.7,27.3,25.2,25.9,26.0,25.3,15.5,25.7,26.2,26.8,25.9,27.0,26.2,27.1,27.7
01/19/2025,Tmin,23.4,17.9,16.2,23.4,23.6,24.2,23.8,24.8,21.8,21.0,23.5,22.4,23.2,23.6,21.9,13.1,22.8,23.4,23.6,23.2,24.4,23.4,22.7,24.0
01/19/2025,Rainfall,9.2,10.9,10.9,65.2,2.5,34.5,3.3,0.3,18.6,6.9,4.4,4.0,21.4,27.3,69.5,9.7,24.1,14.1,0.8,2.7,10.8,14.4,6.5,18.9
01/20/2025,Tmax,30.7,24.6,22.7,28.2,32.8,28.6,33.0,29.3,30.1,28.2,32.0,29.7,29.6,28.3,29.7,17.6,31.0,29.0,32.6,33.6,29.1,30.0,31.4,28.7
01/20/2025,Tmin,22.1,19.3,17.1,23.6,23.8,24.4,24.1,22.5,22.7,21.5,23.0,23.3,22.6,24.9,31.9,14.1,23.5,22.3,24.0,23.6,25.0,21.5,23.3,25.5
01/20/2025,Rainfall,TR,15.7,3.5,39.8,1.0,0.1,0.0,0.6,5.6,0.2,2.6,2.8,7.5,3.2,7.7,2.1,4.5,18.4,0.1,4.6,0.0,1.9,1.2,TR
01/21/2025,Tmax,NA,NA,NA,NA,NA,NA,NA,NA,NA,NA,NA,NA,NA,NA,NA,NA,NA,NA,NA,NA,NA,NA,NA,NA
01/21/2025,Tmin,NA,NA,NA,NA,NA,NA,NA,NA,NA,NA,NA,NA,NA,NA,NA,NA,NA,NA,NA,NA,NA,NA,NA,NA
01/21/2025,Rainfall,NA,NA,NA,NA,NA,NA,NA,NA,NA,NA,NA,NA,NA,NA,NA,NA,NA,NA,NA,NA,NA,NA,NA,NA
01/22/2025,Tmax,23.0,20.1,26.2,28.0,27.4,28.6,27.6,26.3,25.0,28.1,26.5,27.1,26.7,27.2,16.1,27.2,28.8,27.4,27.4,28.9,26.0,26.2,28.1,NA
01/22/2025,Tmin,20.0,17.4,23.5,23.8,24.0,24.4,24.1,22.4,20.6,22.5,22.1,21.2,24.4,22.2,13.5,22.8,22.1,23.7,22.3,22.7,22.4,24.0,25.1,NA
01/22/2025,Rainfall,16.7,7.7,0.9,1.2,0.5,3.4,0.1,12.9,2.0,4.1,2.8,9.8,21.5,20.5,9.5,49.2,0.4,0.5,1.7,1.7,59.2,7.1,13.3,NA
01/23/2025,Tmax,30.6,25.2,22.5,28.5,30.8,29.0,31.9,29.6,29.8,29.8,32.9,31.3,29.3,29.5,29.4,17.5,29.9,31.2,31.3,33.2,28.3,29.0,29.7,28.5
01/23/2025,Tmin,23.0,19.6,17.1,24.8,23.8,24.6,24.7,20.7,22.1,21.5,23.6,23.4,22.7,24.6,22.8,13.7,23.8,22.9,23.1,23.5,24.5,20.9,23.2,25.7
01/23/2025,Rainfall,0.0,0.3,0.0,0.0,9.3,1.9,0.4,0.0,0.0,0.0,TR,0.0,0.0,0.0,0.0,0.0,0.0,0.0,1.4,10.6,TR,0.0,1.0,0.0
01/24/2025,Tmax,25.3,23.2,28.3,27.9,26.1,27.1,30.4,27.8,27.9,29.3,29.4,29.8,30.3,30.0,18.6,28.1,30.1,27.6,28.1,28.6,29.9,26.5,29.1,NA
01/24/2025,Tmin,19.1,16.7,24.4,23.3,23.0,22.6,23.3,22.0,20.8,23.0,22.6,23.6,25.6,23.1,13.3,22.2,23.6,23.1,22.7,24.9,23.6,22.2,26.2,NA
01/24/2025,Rainfall,6.8,13.6,4.3,19.8,10.8,13.5,0.0,8.9,3.0,1.4,0.4,0.0,0.0,1.1,2.8,24.4,TR,32.7,29.6,TR,0.0,14.5,0.0,NA
01/25/2025,Tmax,30.0,24.0,22.4,28.7,29.5,30.4,32.9,28.7,28.4,28.6,31.5,29.8,28.9,29.0,29.1,17.3,29.7,29.4,30.2,31.9,28.6,29.3,30.4,NA
01/25/2025,Tmin,23.4,19.8,17.6,26.0,24.3,23.8,24.5,23.5,23.2,21.4,24.0,24.1,23.4,25.6,23.8,14.6,24.9,22.7,24.1,23.2,25.2,23.2,23.7,26.0
01/25/2025,Rainfall,3.1,1.8,1.3,0.1,0.0,8.4,0.0,TR,0.0,0.8,1.8,0.3,0.8,TR,0.5,3.3,0.6,0.3,TR,9.6,0.0,1.1,0.5,TR
01/26/2025,Tmax,30.4,24.5,21.9,28.4,31.8,28.2,29.3,30.0,27.8,27.1,31.3,30.1,28.9,28.7,29.5,16.8,28.7,30.7,32.1,31.9,28.2,28.2,29.1,28.8
01/26/2025,Tmin,20.3,18.9,16.4,25.3,24.0,24.8,24.5,19.7,21.7,19.4,23.2,22.8,20.5,24.7,21.5,13.3,23.6,20.7,24.1,23.3,24.4,20.4,22.8,25.8
01/26/2025,Rainfall,0.0,TR,0.0,0.0,0.0,0.0,TR,0.0,TR,0.0,0.0,0.0,TR,0.0,TR,0.2,0.0,0.0,0.0,0.0,0.0,0.0,0.0,0.0
01/27/2025,Tmax,30.7,24.0,22.8,28.6,30.9,27.9,29.9,29.7,29.3,28.3,30.8,30.7,30.1,29.8,30.2,20.2,30.5,30.9,31.0,30.0,29.2,30.0,29.9,29.1
01/27/2025,Tmin,21.8,17.5,14.1,23.9,24.0,25.0,23.9,20.5,22.8,19.8,22.9,22.7,21.5,24.8,22.0,10.0,23.4,21.2,24.0,22.7,24.5,20.3,22.6,25.9
01/27/2025,Rainfall,0.0,0.0,0.0,0.0,0.0,0.2,TR,0.0,0.0,0.0,0.0,0.0,0.0,0.0,0.0,0.0,0.0,0.0,0.0,0.0,0.0,0.0,0.0,0.0
01/28/2025,Tmax,30.8,24.2,22.3,27.8,29.5,27.3,28.9,29.8,27.8,27.2,28.9,28.8,29.1,29.6,28.9,19.3,29.7,29.7,28.8,28.5,29.0,30.0,27.3,29.1
01/28/2025,Tmin,22.6,18.8,17.0,23.9,24.7,24.4,23.0,22.5,22.6,20.3,24.2,23.3,22.8,25.8,23.4,13.0,23.6,23.2,24.5,22.6,25.0,20.8,22.3,26.1
01/28/2025,Rainfall,0.0,3.9,10.1,2.1,0.2,0.8,1.6,0.0,4.6,2.8,TR,0.7,0.0,0.0,0.1,8.3,4.4,0.0,TR,5.4,TR,0.0,8.3,0.0
01/29/2025,Tmax,29.8,23.2,20.1,28.2,29.4,28.8,31.7,29.4,29.8,28.9,31.3,30.6,28.6,29.7,29.6,16.9,29.7,31.3,30.6,30.6,28.3,28.6,31.0,29.1
01/29/2025,Tmin,24.4,18.4,17.6,25.6,24.8,24.5,23.6,25.0,21.9,20.7,23.9,22.8,24.1,24.9,24.4,13.5,24.2,24.5,24.2,23.2,24.5,24.7,23.1,25.5
01/29/2025,Rainfall,8.3,63.8,31.7,2.6,10.4,6.6,5.2,0.4,55.9,10.2,9.8,17.4,7.7,2.7,1.0,93.5,15.8,TR,14.4,9.9,8.6,3.6,1.0,0.6
01/30/2025,Tmax,31.8,27.1,25.0,27.8,31.1,29.1,32.3,28.7,NA,31.6,32.5,32.4,30.9,28.3,29.6,21.1,31.7,30.0,31.6,33.8,29.6,30.1,31.2,29.8
01/30/2025,Tmin,25.0,19.9,17.8,25.3,24.7,24.5,24.9,23.4,NA,21.9,24.0,23.6,23.5,25.4,24.3,14.8,24.9,24.1,24.6,23.2,24.8,24.0,24.3,26.4
01/30/2025,Rainfall,8.3,0.9,0.7,6.6,0.0,0.0,TR,3.6,NA,0.2,1.2,0.0,1.9,6.0,15.1,0.2,24.6,20.7,0.0,0.0,5.4,4.8,6.1,5.8
01/31/2025,Tmax,33.2,26.6,24.3,29.4,31.8,29.3,NA,32.0,31.2,29.7,32.5,33.1,32.1,31.1,31.7,19.5,31.5,32.5,32.3,32.7,30.1,31.5,32.0,29.6
01/31/2025,Tmin,23.7,19.1,16.5,26.1,24.7,24.0,24.3,23.0,22.5,21.2,XX,22.8,23.4,25.4,24.0,13.3,25.1,23.6,24.8,22.7,25.0,24.0,23.5,26.2
01/31/2025,Rainfall,0.0,6.3,1.2,0.0,1.3,24.5,0.4,0.0,0.0,0.2,18.0,0.0,TR,0.0,0.0,0.1,0.2,0.5,0.7,0.0,0.0,0.0,1.0,0.0
02/01/2025,Tmax,33.1,27.0,23.8,29.2,31.7,29.7,34.1,31.7,31.8,31.6,34.3,33.0,31.7,31.2,31.8,19.9,31.5,33.0,31.9,35.1,30.0,31.5,32.5,NA
02/01/2025,Tmin,23.5,18.4,16.6,25.4,23.3,23.8,24.3,22.7,21.1,19.4,21.6,22.4,21.3,24.6,22.4,12.5,24.3,22.9,23.8,22.3,24.8,23.4,23.1,26.5
02/01/2025,Rainfall,0.0,0.0,0.0,0.0,0.0,0.1,0.0,0.0,0.0,0.0,0.0,0.0,0.0,0.0,0.0,0.0,0.3,0.0,10.9,0.0,0.0,0.0,0.0,0.0
02/02/2025,Tmax,33.0,26.8,24.6,29.2,34.1,29.7,33.7,31.0,NA,30.2,33.3,32.7,31.9,31.1,31.5,20.3,31.5,32.9,34.1,35.7,30.1,31.9,32.0,29.7
02/02/2025,Tmin,23.1,16.7,14.3,25.0,23.9,25.0,22.8,20.8,21.4,18.6,21.5,21.8,22.4,24.1,21.9,11.4,24.2,22.4,24.0,21.7,23.5,22.1,21.2,26.0
02/02/2025,Rainfall,0.0,0.0,0.0,0.0,0.0,0.0,0.0,0.0,0.0,0.0,0.0,0.0,0.0,0.0,0.0,0.0,0.0,0.0,0.0,0.0,0.0,0.0,0.0,0.0
02/03/2025,Tmax,32.7,26.1,24.7,28.7,32.2,29.6,33.5,32.0,NA,30.3,32.6,32.0,31.1,30.8,31.1,21.2,31.1,32.2,32.2,34.0,29.0,31.0,31.8,29.6
02/03/2025,Tmin,20.8,15.6,11.0,23.1,22.8,24.3,22.6,20.1,NA,17.3,21.0,20.3,19.8,24.8,20.4,7.5,22.5,20.2,22.9,21.5,22.4,21.2,21.1,26.0
02/03/2025,Rainfall,0.0,0.0,0.0,0.0,0.0,0.0,0.0,0.0,NA,0.0,0.0,0.0,0.0,0.0,0.0,0.0,0.0,0.0,0.0,0.0,0.0,0.0,0.0,0.0
02/04/2025,Tmax,32.0,26.4,25.3,28.8,30.5,30.7,34.1,29.8,31.3,30.2,33.1,32.1,30.6,30.1,31.2,21.6,32.0,32.2,31.1,35.8,29.4,30.9,31.8,29.5
02/04/2025,Tmin,24.2,17.0,14.3,25.3,26.3,24.8,25.8,22.3,21.2,19.0,22.4,21.7,20.6,26.4,22.0,10.5,25.1,21.9,24.0,22.9,25.0,22.1,21.8,26.4
02/04/2025,Rainfall,0.0,0.0,0.0,0.0,0.0,0.0,0.0,0.0,0.0,0.0,0.0,0.0,0.0,0.0,0.0,0.0,0.0,0.0,0.0,0.0,0.0,0.0,0.0,0.0
02/05/2025,Tmax,30.7,26.3,24.0,29.1,31.3,30.7,33.6,30.0,31.0,29.2,33.2,32.2,31.1,30.3,30.7,20.5,31.6,32.3,32.9,34.4,29.4,30.1,32.0,30.1
02/05/2025,Tmin,22.6,17.7,14.8,25.5,24.4,25.2,24.0,20.8,22.2,18.9,22.1,22.4,22.0,25.5,21.7,13.5,23.7,22.5,24.6,22.2,24.5,22.2,23.2,26.3
02/05/2025,Rainfall,0.0,0.0,0.0,0.1,0.0,0.0,0.0,0.0,0.0,0.0,0.0,0.0,0.0,0.0,0.0,0.0,0.0,0.0,0.0,TR,0.0,0.0,0.0,0.0
02/06/2025,Tmax,32.4,27.6,25.5,29.7,31.5,32.5,32.8,31.7,32.3,XX,33.1,33.2,31.8,32.2,31.8,21.8,31.6,33.0,32.2,34.6,29.9,31.0,32.1,29.9
02/06/2025,Tmin,22.3,16.8,13.5,24.5,24.5,24.2,23.2,21.0,20.2,19.8,22.3,21.9,21.7,25.5,21.9,8.1,23.1,22.2,24.6,21.8,24.5,21.9,22.1,26.3
02/06/2025,Rainfall,0.0,0.0,0.0,4.2,0.0,0.0,0.0,0.0,0.0,0.0,0.0,0.0,0.0,0.0,0.0,0.0,0.0,0.0,0.0,0.0,0.0,0.0,0.0,0.0
02/07/2025,Tmax,32.1,27.3,24.5,29.6,32.4,31.6,33.0,30.7,31.8,NA,34.2,33.1,31.2,30.8,30.8,20.1,31.9,32.5,32.6,35.6,29.5,30.9,32.3,29.9
02/07/2025,Tmin,20.8,14.2,11.8,23.7,23.2,23.7,22.8,20.2,20.1,18.1,20.9,20.9,20.1,25.4,21.1,10.1,23.1,21.1,23.3,21.3,22.6,21.0,22.0,26.1
02/07/2025,Rainfall,0.0,0.0,0.0,TR,0.0,0.0,0.0,0.0,0.0,0.0,0.0,0.0,0.0,0.0,0.0,0.0,0.0,0.0,0.0,0.0,0.0,0.0,0.0,0.0
02/08/2025,Tmax,32.2,26.9,23.4,29.8,34.5,32.1,33.3,31.1,31.3,NA,33.6,32.0,30.8,31.3,30.8,17.7,32.4,32.6,34.2,35.3,30.2,31.0,31.7,29.9
02/08/2025,Tmin,22.0,15.2,13.5,24.4,23.1,22.7,23.4,21.3,21.1,20.3,22.6,21.2,21.5,25.8,21.5,11.7,23.7,21.6,22.8,18.8,24.9,21.6,22.6,26.5
02/08/2025,Rainfall,0.0,0.0,0.0,0.0,0.0,0.0,0.0,0.0,0.0,0.0,0.0,0.0,0.0,0.0,TR,0.0,0.0,0.0,0.0,0.0,0.0,0.0,0.0,0.0
02/09/2025,Tmax,31.7,25.9,23.9,29.6,33.5,29.1,33.3,30.5,31.4,xx,33.5,32.0,31.1,30.7,31.3,17.9,31.3,32.5,34.3,36.2,30.0,30.6,31.8,29.9
02/09/2025,Tmin,21.0,14.1,11.5,23.0,23.3,23.4,21.9,20.3,19.7,17.7,21.1,21.5,19.5,24.4,20.4,5.4,22.4,21.0,23.0,19.7,21.8,20.9,20.1,26.4
02/09/2025,Rainfall,0.0,0.0,0.0,0.0,0.0,0.0,0.0,0.0,0.0,0.0,0.0,0.0,0.0,0.0,0.0,0.0,0.0,0.0,0.0,0.0,0.0,0.0,0.0,0.0
02/10/2025,Tmax,32.3,27.3,25.4,29.4,32.6,30.3,34.5,31.8,32.3,xx,33.3,33.0,31.8,30.7,32.2,21.9,31.9,32.5,32.7,35.8,29.7,31.5,33.0,30.2
02/10/2025,Tmin,22.2,17.4,15.0,25.0,24.5,25.5,24.0,21.2,22.9,20.4,23.4,23.2,21.6,25.8,22.4,10.5,23.1,22.8,24.3,21.3,25.2,22.5,22.6,26.4
02/10/2025,Rainfall,0.0,0.0,0.0,TR,0.0,0.0,0.0,0.0,0.1,0.0,0.0,0.0,0.0,0.0,0.0,0.0,20.0,0.0,0.0,0.0,0.0,0.0,0.0,0.0
02/11/2025,Tmax,33.2,25.5,22.3,29.6,32.6,30.6,34.2,31.0,30.3,XX,34.3,33.0,31.6,31.3,31.7,21.1,29.4,33.1,33.2,36.0,30.0,31.7,31.4,30.4
02/11/2025,Tmin,24.3,18.8,15.6,23.8,26.1,24.6,24.1,21.6,22.0,21.0,23.8,23.1,22.9,26.2,23.4,10.4,23.1,23.6,26.1,22.9,25.4,23.6,23.0,26.6
02/11/2025,Rainfall,0.0,0.1,0.2,0.3,0.0,0.0,0.0,0.0,0.2,0.0,0.0,0.0,0.0,0.0,0.3,0.0,2.2,0.0,0.0,0.0,0.0,0.0,0.0,0.0
02/12/2025,Tmax,33.6,27.8,25.3,29.8,31.8,32.5,34.2,31.8,32.6,NA,33.7,33.7,32.5,31.5,32.2,21.9,31.6,33.7,32.7,36.7,30.5,31.8,33.4,30.0
02/12/2025,Tmin,21.5,15.7,12.1,24.0,25.0,25.3,23.3,19.7,20.1,17.5,22.7,21.3,21.5,23.6,22.3,8.8,23.2,21.6,25.1,22.7,21.4,20.7,21.3,25.7
02/12/2025,Rainfall,0.0,0.0,0.0,0.0,0.0,0.0,0.0,0.0,0.0,0.0,0.0,0.0,0.0,0.0,0.0,0.0,0.0,0.0,0.0,0.0,0.0,0.0,0.0,0.0
02/13/2025,Tmax,33.3,27.9,26.9,29.7,32.5,32.3,33.8,32.5,32.3,NA,33.2,34.1,31.8,30.8,32.0,22.6,31.5,32.5,32.8,36.6,29.7,31.7,33.1,29.9
02/13/2025,Tmin,21.0,12.7,13.0,22.4,23.7,24.0,21.5,18.2,23.8,17.0,22.2,20.9,19.2,21.8,20.0,11.2,21.7,21.0,23.7,21.3,23.0,20.1,20.3,25.5
02/13/2025,Rainfall,0.0,0.0,0.0,0.0,0.0,0.0,0.0,0.0,0.0,0.0,0.0,0.0,0.0,0.0,0.0,0.0,0.0,0.0,0.0,0.0,0.0,0.0,0.0,0.0
02/14/2025,Tmax,34.6,28.6,25.1,29.5,30.7,31.5,33.6,32.2,32.8,XX,32.7,33.7,32.3,31.1,32.4,22.7,31.7,32.0,31.7,36.7,31.0,32.3,32.7,30.2
02/14/2025,Tmin,21.9,16.4,14.4,23.4,23.9,24.7,23.5,18.2,21.4,18.9,20.9,21.4,19.4,22.2,21.0,8.8,23.0,21.6,23.8,22.0,21.1,21.0,22.2,22.2
02/14/2025,Rainfall,0.0,0.0,0.0,0.0,0.0,0.0,0.0,0.0,0.0,0.0,0.0,0.0,0.0,0.0,0.0,0.0,0.0,0.0,0.0,0.0,0.0,0.0,0.0,0.0
02/15/2025,Tmax,34.1,28.5,25.8,29.6,32.1,30.1,33.2,32.0,32.9,31.8,33.1,34.6,32.4,30.7,32.5,21.8,31.2,31.4,32.7,36.2,30.6,32.7,33.5,29.8
02/15/2025,Tmin,19.6,13.9,13.0,22.5,24.7,24.4,22.7,18.7,19.4,17.3,21.8,20.9,18.1,23.4,19.4,7.5,22.0,20.4,24.8,23.0,20.7,20.4,21.4,21.4
02/15/2025,Rainfall,0.0,0.0,0.0,0.0,0.0,0.0,0.0,0.0,0.0,0.0,0.0,0.0,0.0,0.0,0.0,0.0,0.0,0.0,0.0,TR,0.0,0.0,0.0,0.0
02/16/2025,Tmax,33.6,27.9,26.4,29.4,31.6,30.7,33.1,31.2,32.6,32.6,32.6,34.4,31.8,30.6,31.4,23.3,31.6,32.9,32.4,37.0,30.5,31.8,33.3,29.6
02/16/2025,Tmin,20.8,17.7,13.8,23.9,24.4,25.1,23.1,19.5,21.4,17.7,22.6,21.7,20.5,24.8,20.3,8.0,23.5,20.5,24.8,22.7,21.7,20.0,21.8,26.4
02/16/2025,Rainfall,0.0,0.0,0.0,0.0,0.0,0.0,0.0,0.0,0.0,0.0,0.0,0.0,0.0,0.0,0.0,0.0,0.0,0.0,0.0,0.0,0.0,0.0,0.0,0.0
02/17/2025,Tmax,34.3,28.9,26.4,30.2,32.6,30.6,35.0,31.7,33.6,33.1,33.5,35.0,32.4,30.9,32.4,23.0,32.4,32.4,33.3,36.6,30.5,32.3,34.3,30.8
02/17/2025,Tmin,22.8,18.0,15.4,24.7,25.0,25.5,24.8,19.8,22.7,20.3,22.7,22.6,20.7,25.1,22.1,7.7,24.8,22.0,25.5,24.1,22.3,22.0,23.3,26.2
02/17/2025,Rainfall,0.0,0.0,0.0,0.0,0.0,7.9,0.0,0.0,0.0,0.0,0.0,0.0,0.0,0.0,0.0,0.0,5.8,0.0,0.0,16.7,0.0,0.0,0.0,0.0
02/18/2025,Tmax,NA,NA,NA,NA,NA,NA,NA,NA,NA,NA,NA,NA,NA,NA,NA,NA,NA,NA,NA,NA,NA,NA,NA,NA
02/18/2025,Tmin,NA,NA,NA,NA,NA,NA,NA,NA,NA,NA,NA,NA,NA,NA,NA,NA,NA,NA,NA,NA,NA,NA,NA,NA
02/18/2025,Rainfall,NA,NA,NA,NA,NA,NA,NA,NA,NA,NA,NA,NA,NA,NA,NA,NA,NA,NA,NA,NA,NA,NA,NA,NA
02/19/2025,Tmax,34.7,28.7,26.3,30.6,31.6,31.5,33.3,32.9,33.4,31.8,32.9,35.0,32.8,31.5,32.8,23.1,31.8,32.7,32.7,35.3,31.5,32.3,33.8,30.9
02/19/2025,Tmin,22.5,17.2,14.6,23.9,24.7,25.2,24.2,19.8,21.1,19.7,22.3,22.4,19.9,23.2,21.6,6.3,23.2,22.3,24.8,22.8,22.3,22.6,22.7,26.4
02/19/2025,Rainfall,0.0,0.0,0.0,0.0,0.0,0.0,0.0,0.0,0.0,0.0,0.0,0.0,0.0,0.0,0.0,0.0,0.0,0.0,0.0,0.0,0.0,0.0,0.0,0.0
02/20/2025,Tmax,34.6,28.9,26.6,30.4,32.1,31.0,34.4,32.8,33.8,32.0,33.9,35.4,32.8,32.0,33.5,23.3,32.5,32.7,33.3,36.2,32.2,32.9,34.4,31.1
02/20/2025,Tmin,22.7,17.3,14.0,23.7,24.8,24.6,23.9,20.4,21.5,19.5,22.1,21.9,20.4,23.6,21.6,6.3,23.6,22.2,24.8,22.6,22.6,21.9,22.4,24.4
02/20/2025,Rainfall,0.0,0.0,0.0,0.0,0.0,0.0,0.0,0.0,0.0,0.0,0.0,0.0,0.0,0.0,0.0,0.0,TR,0.0,0.0,0.3,0.0,0.0,0.0,0.0
02/21/2025,Tmax,NA,NA,NA,NA,NA,NA,NA,NA,NA,NA,NA,NA,NA,NA,NA,NA,NA,NA,NA,NA,NA,NA,NA,NA
02/21/2025,Tmin,NA,NA,NA,NA,NA,NA,NA,NA,NA,NA,NA,NA,NA,NA,NA,NA,NA,NA,NA,NA,NA,NA,NA,NA
02/21/2025,Rainfall,NA,NA,NA,NA,NA,NA,NA,NA,NA,NA,NA,NA,NA,NA,NA,NA,NA,NA,NA,NA,NA,NA,NA,NA
02/22/2025,Tmax,NA,NA,NA,NA,NA,NA,NA,NA,NA,NA,NA,NA,NA,NA,NA,NA,NA,NA,NA,NA,NA,NA,NA,NA
02/22/2025,Tmin,NA,NA,NA,NA,NA,NA,NA,NA,NA,NA,NA,NA,NA,NA,NA,NA,NA,NA,NA,NA,NA,NA,NA,NA
02/22/2025,Rainfall,NA,NA,NA,NA,NA,NA,NA,NA,NA,NA,NA,NA,NA,NA,NA,NA,NA,NA,NA,NA,NA,NA,NA,NA
02/23/2025,Tmax,33.9,28.3,26.9,30.5,32.2,31.4,35.7,33.2,33.8,32.4,34.2,35.3,33.3,32.2,33.4,21.8,32.6,34.1,32.9,38.0,31.5,32.6,34.8,31.5
02/23/2025,Tmin,23.3,17.1,14.7,25.0,24.7,24.7,24.5,21.8,22.2,20.8,21.6,21.6,21.3,24.9,22.0,10.3,24.3,22.2,25.0,21.2,25.9,22.1,23.6,27.4
02/23/2025,Rainfall,0.0,0.0,0.0,0.0,0.0,0.2,0.0,0.0,0.0,0.0,0.0,0.0,0.0,0.0,0.0,0.0,0.0,0.0,0.0,TR,0.0,0.0,0.0,0.0
02/24/2025,Tmax,28.4,25.4,30.5,33.2,30.9,34.7,32.9,33.3,31.9,36.8,35.5,33.1,32.8,33.0,20.3,32.5,34.7,33.4,36.0,31.5,32.7,34.4,31.1,NA
02/24/2025,Tmin,19.7,17.4,26.7,25.7,25.5,25.2,25.7,22.6,21.6,24.2,23.7,23.3,25.1,23.5,13.8,25.5,23.0,25.7,22.9,26.2,23.6,23.5,23.9,NA
02/24/2025,Rainfall,0.0,0.0,0.0,0.0,0.0,0.0,0.2,0.0,0.0,8.2,0.0,TR,0.0,0.5,0.0,0.1,0.0,0.0,0.0,TR,0.0,0.0,34.9,NA
02/25/2025,Tmax,31.8,29.6,27.4,30.6,34.4,30.6,35.3,30.0,32.4,33.2,36.1,34.7,30.3,30.8,27.7,22.8,33.1,33.5,34.3,37.9,32.0,32.0,34.4,NA
02/25/2025,Tmin,23.7,20.8,18.5,25.8,25.2,25.1,25.8,23.7,23.5,22.7,25.1,24.8,23.5,25.1,23.6,15.0,25.7,23.9,25.0,22.8,25.0,24.1,24.9,24.2
02/25/2025,Rainfall,0.0,4.8,0.3,3.7,1.8,TR,0.0,10.7,0.4,0.8,0.0,0.0,1.5,8.0,45.4,2.2,4.2,1.5,0.0,0.2,0.3,4.3,0.0,18.1
02/26/2025,Tmax,33.1,24.6,23.4,30.6,34.3,30.3,33.5,30.5,31.7,28.8,35.5,31.6,32.2,31.3,32.1,16.8,32.7,33.4,35.1,34.6,31.7,31.8,34.2,30.5
02/26/2025,Tmin,23.5,20.6,18.5,24.9,25.9,25.4,24.1,24.6,23.3,22.3,25.4,24.7,24.0,26.5,24.1,15.1,24.5,24.0,26.0,24.0,25.0,23.6,24.0,26.9
02/26/2025,Rainfall,42.4,60.8,33.9,16.5,2.5,8.5,26.8,5.8,52.0,19.8,TR,3.3,16.0,TR,17.0,36.3,39.1,6.4,0.1,0.4,24.1,69.9,23.0,2.5
02/27/2025,Tmax,31.4,24.7,23.1,30.5,33.4,32.9,30.6,31.2,28.5,28.6,35.1,33.5,30.7,30.7,29.7,17.3,29.2,33.8,34.1,33.8,31.2,31.4,30.0,30.6
02/27/2025,Tmin,24.0,21.0,18.7,25.6,25.4,25.9,24.4,24.0,23.7,22.4,24.6,24.6,23.8,24.3,24.0,15.3,24.8,24.4,25.3,23.8,24.6,23.9,24.1,26.1
02/27/2025,Rainfall,22.3,46.6,35.2,32.2,9.4,0.3,6.4,11.0,40.3,0.6,3.4,TR,21.0,19.1,36.5,29.7,22.5,3.5,2.7,1.8,20.3,13.9,30.0,4.5
02/28/2025,Tmax,30.8,22.7,20.2,29.5,30.9,29.9,27.1,28.2,26.3,28.7,33.2,31.8,28.9,28.2,29.2,17.0,30.4,30.6,31.3,31.5,30.2,30.1,25.5,30.4
02/28/2025,Tmin,23.7,20.6,18.4,23.6,24.6,24.8,24.1,23.6,23.3,22.2,23.9,23.8,23.2,24.1,23.8,14.8,24.2,23.4,24.9,23.4,23.5,23.4,23.4,24.5
02/28/2025,Rainfall,119.4,57.9,49.9,160.7,4.9,33.8,52.6,58.7,80.1,14.5,6.6,13.0,71.6,32.4,86.0,52.9,25.5,38.0,7.4,33.6,44.6,41.6,135.6,28.8
03/01/2025,Tmax,32.4,27.8,24.9,30.3,30.4,30.6,31.8,31.7,32.8,32.3,31.5,32.6,31.4,31.2,29.5,23.2,31.2,32.1,31.8,34.4,30.3,29.4,31.9,30.3
03/01/2025,Tmin,24.7,19.4,16.5,25.0,24.0,25.4,23.9,24.9,22.5,21.2,23.0,22.7,24.2,25.0,24.1,12.5,24.7,24.0,24.1,22.1,24.9,24.0,23.2,26.2
03/01/2025,Rainfall,1.9,7.8,6.4,14.7,2.1,0.0,16.5,5.0,TR,2.7,11.7,18.8,0.2,4.8,1.6,22.8,2.4,0.0,15.5,19.3,7.6,13.3,32.9,0.0
03/02/2025,Tmax,34.2,27.8,24.1,30.0,31.2,31.5,32.2,32.7,31.7,30.3,32.2,33.5,32.4,32.6,31.3,21.1,32.2,33.2,32.1,33.1,31.4,32.5,31.9,31.0
03/02/2025,Tmin,24.9,20.5,18.1,26.5,24.4,24.1,24.0,23.9,23.2,22.3,24.0,24.0,24.0,25.3,24.4,14.5,23.1,24.0,24.5,23.2,26.1,23.9,23.8,27.5
03/02/2025,Rainfall,0.0,22.7,38.5,10.6,45.9,53.2,5.9,0.0,25.4,44.1,36.2,19.1,0.0,0.0,0.0,3.1,105.7,37.7,69.3,126.6,0.0,0.0,49.5,0.0
03/03/2025,Tmax,33.4,26.8,24.1,30.4,30.9,28.4,29.6,32.8,30.1,29.8,32.6,32.0,31.7,31.9,32.1,18.0,31.8,31.5,31.1,32.0,31.0,31.9,30.1,31.1
03/03/2025,Tmin,24.1,18.6,15.9,25.0,24.3,24.5,24.2,22.8,22.6,20.7,23.6,22.3,22.2,25.7,23.0,14.7,25.1,23.7,24.3,23.1,24.7,24.0,23.2,27.1
03/03/2025,Rainfall,0.0,0.1,0.8,0.0,2.7,0.1,0.2,0.0,TR,0.0,0.0,0.0,0.0,0.0,0.0,2.4,TR,0.0,5.2,TR,0.0,0.0,0.7,0.0
03/04/2025,Tmax,NA,NA,NA,NA,NA,NA,NA,NA,NA,NA,NA,NA,NA,NA,NA,NA,NA,NA,NA,NA,NA,NA,NA,NA
03/04/2025,Tmin,NA,NA,NA,NA,NA,NA,NA,NA,NA,NA,NA,NA,NA,NA,NA,NA,NA,NA,NA,NA,NA,NA,NA,NA
03/04/2025,Rainfall,NA,NA,NA,NA,NA,NA,NA,NA,NA,NA,NA,NA,NA,NA,NA,NA,NA,NA,NA,NA,NA,NA,NA,NA
03/05/2025,Tmax,35.1,29.5,26.6,30.2,31.7,30.5,32.6,33.1,33.3,33.1,NA,34.9,33.1,33.9,33.4,21.3,32.8,33.2,32.9,36.0,31.7,34.0,33.6,30.9
03/05/2025,Tmin,22.0,15.3,14.5,23.6,25.1,25.5,24.3,22.3,18.6,17.3,23.6,22.8,20.2,24.0,21.1,8.1,23.5,22.6,25.0,23.2,22.2,21.4,22.9,23.6
03/05/2025,Rainfall,0.0,0.0,0.0,0.0,0.0,0.0,0.0,0.0,0.0,0.0,0.0,0.0,0.0,0.0,0.0,0.0,0.0,0.0,0.0,0.0,0.0,0.0,0.0,0.0
03/06/2025,Tmax,35.4,29.6,26.5,30.4,31.5,29.9,32.2,33.3,34.3,32.8,32.0,35.6,34.2,32.4,34.1,21.9,31.7,32.4,32.6,36.0,31.3,34.4,33.5,30.9
03/06/2025,Tmin,22.7,13.7,14.9,23.4,24.7,25.1,23.7,21.6,18.5,15.6,23.0,21.0,20.5,23.6,20.5,9.7,23.0,22.9,24.7,22.1,22.5,22.9,22.7,23.9
03/06/2025,Rainfall,0.0,0.0,0.0,0.0,0.0,0.0,0.0,0.0,0.0,0.0,0.0,0.0,0.0,0.0,0.0,0.0,0.0,0.0,0.0,0.0,0.0,0.0,0.0,0.0
03/07/2025,Tmax,34.9,29.6,26.8,30.3,31.6,30.2,31.3,33.6,33.5,32.0,32.2,35.0,33.2,33.8,33.6,22.7,31.1,31.6,32.7,35.8,31.1,33.6,32.3,30.4
03/07/2025,Tmin,22.4,13.4,13.6,23.3,24.8,25.4,23.9,22.0,18.3,16.4,22.5,22.3,21.2,24.2,21.0,6.9,22.8,23.6,24.7,23.1,22.8,22.7,21.7,23.7
03/07/2025,Rainfall,0.0,0.0,0.0,0.0,0.0,0.0,0.0,0.0,0.0,0.0,0.0,0.0,0.0,0.0,0.0,0.0,0.0,0.0,0.0,0.0,0.0,0.0,0.0,0.0
03/08/2025,Tmax,33.9,28.4,26.2,29.7,31.5,29.9,31.8,33.6,32.8,30.0,32.1,33.3,31.8,32.1,32.7,22.0,32.0,32.2,32.6,33.8,31.1,32.9,32.7,24.0
03/08/2025,Tmin,22.1,15.2,10.7,23.3,24.6,24.7,23.6,19.2,18.9,15.8,22.2,20.2,19.3,22.6,20.5,8.7,22.7,21.5,24.3,21.9,22.0,20.7,22.3,26.5
03/08/2025,Rainfall,0.0,0.0,0.0,0.0,0.0,TR,0.0,0.0,0.0,0.0,0.0,0.0,0.0,0.0,0.0,0.0,0.0,0.0,0.0,0.0,0.0,0.0,0.0,0.0
03/09/2025,Tmax,NA,NA,NA,NA,NA,NA,NA,NA,NA,NA,NA,NA,NA,NA,NA,NA,NA,NA,NA,NA,NA,NA,NA,NA
03/09/2025,Tmin,NA,NA,NA,NA,NA,NA,NA,NA,NA,NA,NA,NA,NA,NA,NA,NA,NA,NA,NA,NA,NA,NA,NA,NA
03/09/2025,Rainfall,NA,NA,NA,NA,NA,NA,NA,NA,NA,NA,NA,NA,NA,NA,NA,NA,NA,NA,NA,NA,NA,NA,NA,NA
03/10/2025,Tmax,NA,NA,NA,NA,NA,NA,NA,NA,NA,NA,NA,NA,NA,NA,NA,NA,NA,NA,NA,NA,NA,NA,NA,NA
03/10/2025,Tmin,NA,NA,NA,NA,NA,NA,NA,NA,NA,NA,NA,NA,NA,NA,NA,NA,NA,NA,NA,NA,NA,NA,NA,NA
03/10/2025,Rainfall,NA,NA,NA,NA,NA,NA,NA,NA,NA,NA,NA,NA,NA,NA,NA,NA,NA,NA,NA,NA,NA,NA,NA,NA
03/12/2025,Tmax,33.4,29.1,23.6,30.8,32.5,31.9,31.8,33.3,32.3,30.6,32.3,33.1,33.3,34.4,32.5,20.9,33.0,31.9,33.7,35.4,31.2,32.5,32.0,31.3
03/12/2025,Tmin,24.1,19.4,16.1,25.0,25.6,24.5,24.5,23.4,21.9,22.3,24.6,23.7,23.3,25.4,23.9,10.6,24.6,24.3,25.6,22.8,24.1,24.4,23.2,25.5
03/12/2025,Rainfall,0.0,0.0,0.0,0.5,0.0,0.0,0.0,0.0,0.0,11.5,4.6,2.3,1.5,4.8,0.0,0.0,0.0,0.0,0.0,0.2,0.0,0.0,0.0,0.0
03/13/2025,Tmax,35.4,29.2,25.6,30.8,32.0,31.8,31.4,34.4,33.8,31.4,32.4,34.1,33.2,32.5,33.5,22.4,32.1,32.5,33.0,35.3,31.0,33.1,32.5,31.0
03/13/2025,Tmin,23.4,19.1,15.8,25.0,25.8,25.8,25.0,22.8,22.3,20.9,24.8,24.7,22.3,24.8,23.3,9.1,24.7,23.8,25.7,23.6,23.5,23.4,23.7,25.0
03/13/2025,Rainfall,0.0,0.0,0.0,0.0,0.2,0.5,0.0,0.0,0.0,0.0,0.5,0.0,0.0,0.0,0.0,0.0,0.0,0.0,11.1,0.0,0.0,0.0,0.0,0.0
03/14/2025,Tmax,35.2,30.0,26.3,30.5,31.5,32.3,32.3,32.9,34.3,32.2,32.5,34.5,33.5,32.8,34.2,22.6,32.3,32.5,33.4,35.3,31.5,33.5,32.7,30.8
03/14/2025,Tmin,23.8,18.6,16.4,25.0,24.6,25.1,25.0,22.0,21.5,21.4,24.2,23.6,23.0,25.0,23.5,11.1,24.7,24.2,24.3,23.2,24.2,24.0,23.5,24.6
03/14/2025,Rainfall,0.0,0.0,0.0,0.0,1.9,0.0,0.0,0.0,0.0,0.0,0.0,1.1,0.0,0.0,0.0,0.0,0.0,0.0,TR,15.2,0.0,0.0,0.0,0.0
03/15/2025,Tmax,35.0,29.4,25.5,30.7,31.9,32.0,32.2,34.0,33.6,31.3,32.5,33.4,33.1,33.6,33.5,21.1,31.9,32.0,33.3,34.3,31.5,33.0,32.9,31.3
03/15/2025,Tmin,24.4,20.4,17.5,26.0,26.0,26.0,25.5,24.1,23.5,22.6,25.0,24.4,23.4,25.8,23.9,14.3,25.1,24.0,25.9,23.7,24.7,24.2,24.3,27.8
03/15/2025,Rainfall,0.0,0.7,3.2,0.1,0.5,TR,0.0,0.0,3.2,0.0,4.9,1.3,3.1,0.0,0.0,0.6,7.2,25.6,0.5,6.3,6.7,0.0,TR,0.0
03/16/2025,Tmax,31.5,28.4,24.4,29.8,32.3,31.4,31.6,33.5,31.2,29.6,32.5,32.2,31.2,32.0,31.4,20.8,30.4,33.1,33.2,32.6,31.3,33.0,32.3,31.6
03/16/2025,Tmin,24.0,18.2,16.4,25.6,23.8,24.4,25.0,24.0,21.9,20.5,23.3,23.4,23.0,25.2,23.8,11.8,25.1,23.8,23.8,22.6,25.2,24.2,23.6,26.8
03/16/2025,Rainfall,0.3,0.9,1.2,17.5,24.9,TR,TR,0.0,1.6,TR,7.4,TR,0.0,9.2,TR,0.3,2.8,6.5,32.0,3.4,2.8,10.5,0.0,0.0
03/17/2025,Tmax,36.1,28.6,26.0,30.8,31.3,30.6,32.2,33.7,33.2,31.4,32.1,34.6,34.0,34.1,34.5,22.5,31.9,32.9,32.5,34.3,31.6,33.3,33.5,31.8
03/17/2025,Tmin,23.9,20.2,16.8,25.6,24.1,24.2,23.8,24.3,23.7,20.7,23.0,22.8,23.1,25.9,23.4,11.9,26.0,23.5,24.0,22.8,25.0,24.6,23.2,28.2
03/17/2025,Rainfall,2.8,9.7,6.4,0.0,2.4,2.2,14.6,0.9,0.2,36.0,4.2,9.1,0.7,0.0,0.0,14.3,0.2,3.8,2.1,3.4,0.0,0.0,23.9,0.0
03/18/2025,Tmax,35.6,30.2,26.3,31.6,31.6,32.2,31.5,34.3,33.2,32.2,31.4,34.3,34.2,33.8,34.0,22.6,32.7,33.7,33.1,34.7,32.1,34.0,33.2,32.1
03/18/2025,Tmin,24.9,19.8,17.5,26.0,25.9,24.6,24.8,25.4,23.2,22.2,25.0,24.4,24.5,26.5,24.7,14.9,24.6,25.2,25.8,23.1,24.1,25.2,23.7,24.0
03/18/2025,Rainfall,0.9,4.2,2.5,4.2,TR,9.6,TR,0.0,2.1,0.4,TR,3.3,2.5,0.4,0.0,0.5,8.7,2.1,1.2,22.2,22.8,0.0,0.0,12.6
03/19/2025,Tmax,35.0,26.4,23.6,31.2,31.9,31.0,32.5,35.8,29.8,29.1,32.4,32.6,32.6,33.7,25.9,20.6,31.1,32.8,33.1,33.6,31.7,34.1,30.9,31.6
03/19/2025,Tmin,24.5,16.8,14.9,26.3,24.0,24.2,24.7,23.5,22.2,20.6,23.0,22.7,23.3,26.7,23.6,11.9,24.6,24.3,24.0,22.1,26.5,24.0,23.7,27.7
03/19/2025,Rainfall,5.3,0.6,3.0,0.6,15.6,14.0,2.9,0.0,0.3,6.1,43.2,3.3,6.1,0.1,5.9,2.5,1.2,6.0,18.4,0.5,0.0,0.0,1.2,0.0
03/20/2025,Tmax,33.7,27.9,25.8,31.2,31.5,33.3,33.8,34.5,32.3,31.7,32.6,34.1,31.8,34.3,32.5,20.3,32.3,34.2,32.8,35.0,32.3,33.3,33.7,32.2
03/20/2025,Tmin,25.3,19.1,18.2,25.8,25.8,25.5,29.4,25.0,23.4,22.2,24.8,24.1,24.0,27.0,24.1,14.7,25.5,24.8,25.6,23.8,26.1,25.5,NA,28.5
03/20/2025,Rainfall,0.2,0.0,0.0,0.0,0.0,0.0,0.0,0.0,0.0,0.0,0.0,0.0,0.5,0.0,4.4,0.0,5.8,0.0,0.0,12.8,0.0,0.0,NA,0.0
03/21/2025,Tmax,35.4,30.4,27.0,31.7,31.8,34.0,32.0,34.5,33.5,33.5,32.6,35.4,33.4,33.3,34.0,22.4,33.1,35.3,33.4,35.4,32.3,34.0,34.4,NA
03/21/2025,Tmin,25.3,18.6,16.2,26.5,24.9,25.3,25.0,24.9,22.6,21.6,24.4,24.3,23.9,26.6,24.9,11.4,25.8,NA,24.6,22.9,26.5,25.5,23.6,28.7
03/21/2025,Rainfall,0.0,0.0,0.0,0.4,64.5,2.5,0.0,0.0,0.0,0.0,0.0,0.0,0.0,2.0,0.7,0.0,0.0,0.0,49.8,47.6,TR,0.0,0.0,0.0
03/22/2025,Tmax,30.9,25.9,31.6,31.4,33.8,32.9,34.7,33.2,32.8,32.5,34.8,33.1,33.8,33.8,22.3,33.1,34.7,33.1,34.9,32.4,33.7,32.8,32.1,NA
03/22/2025,Tmin,17.4,14.9,26.7,24.9,25.7,24.4,25.0,22.6,20.3,23.9,22.8,23.4,26.0,24.4,10.6,25.7,24.0,25.0,22.5,26.3,24.8,23.6,28.5,NA
03/22/2025,Rainfall,TR,13.9,0.0,TR,0.4,0.0,0.0,0.0,7.0,TR,0.4,TR,4.8,1.1,1.9,0.0,27.9,0.9,0.5,0.0,0.0,2.1,0.0,NA
03/23/2025,Tmax,35.9,30.1,25.9,31.6,31.4,34.4,32.6,34.0,33.7,32.7,32.7,34.6,33.8,33.1,34.2,22.7,33.0,33.9,32.9,36.1,32.4,33.7,33.6,32.7
03/23/2025,Tmin,25.3,19.6,16.8,25.4,24.6,24.7,25.8,24.6,23.2,22.5,24.6,24.4,23.5,26.7,24.1,14.1,25.6,24.4,24.8,24.1,26.7,25.4,24.6,28.5
03/23/2025,Rainfall,0.0,0.0,0.0,6.7,16.5,0.0,0.0,0.0,0.0,0.0,0.0,0.0,0.0,0.4,2.8,0.0,0.0,10.2,1.7,0.1,0.0,0.0,0.0,0.0
03/24/2025,Tmax,30.0,26.0,31.7,31.6,32.7,34.0,34.2,33.5,32.3,32.9,34.9,33.3,33.7,33.6,22.2,33.4,34.4,33.1,34.8,32.2,33.6,33.7,32.2,NA
03/24/2025,Tmin,20.4,17.7,25.8,25.6,25.2,25.9,23.4,24.3,21.9,24.6,24.9,23.8,27.1,25.0,15.4,25.7,25.0,25.5,23.7,27.2,24.9,25.1,28.1,NA
03/24/2025,Rainfall,0.0,0.0,0.4,Tr,5.0,0.0,0.0,0.0,0.0,0.0,0.0,0.0,0.0,0.9,0.0,1.1,0.0,0.7,14.4,0.0,0.0,0.0,0.0,NA
03/25/2025,Tmax,35.7,29.9,26.0,31.4,31.7,31.9,31.9,34.1,33.3,32.5,33.0,35.0,33.8,33.3,33.9,22.2,32.8,34.2,33.3,34.1,31.7,34.0,33.6,NA
03/25/2025,Tmin,24.6,18.8,16.8,25.8,24.6,25.2,24.4,22.0,22.1,21.2,23.3,23.0,23.5,25.9,24.2,11.5,26.0,23.3,24.3,23.2,24.4,24.4,23.2,25.3
03/25/2025,Rainfall,0.0,3.8,3.6,0.0,0.7,0.1,0.8,0.0,0.7,1.6,2.4,0.0,7.0,0.0,0.0,1.7,0.0,0.0,0.8,0.8,0.0,0.0,0.2,0.0
03/26/2025,Tmax,36.6,29.1,26.3,31.3,32.0,31.4,33.2,33.8,34.0,31.2,32.3,34.2,33.6,33.4,35.0,22.3,33.1,31.9,33.5,34.6,32.2,34.8,33.0,32.2
03/26/2025,Tmin,23.2,18.8,16.7,25.2,25.7,26.0,25.1,23.4,22.1,22.1,23.8,23.2,22.6,25.7,23.6,12.2,25.3,24.0,25.3,22.9,24.6,24.1,23.9,25.1
03/26/2025,Rainfall,0.0,31.9,18.3,0.6,TR,0.0,0.0,0.0,2.8,10.0,22.7,31.2,1.9,0.0,60.4,10.7,0.0,0.0,9.7,59.3,0.0,0.7,0.0,0.0
03/27/2025,Tmax,35.8,29.1,25.0,31.7,31.8,31.0,32.3,33.1,33.3,31.4,32.4,33.3,33.2,32.3,34.5,21.8,33.4,32.9,33.6,33.5,32.4,34.1,33.5,31.9
03/27/2025,Tmin,24.5,18.9,15.9,25.0,25.6,26.1,23.6,24.3,22.1,22.0,24.2,23.5,23.3,26.3,23.6,8.4,24.1,24.8,25.3,22.5,24.6,24.9,23.3,25.9
03/27/2025,Rainfall,0.0,1.0,34.9,0.0,0.0,0.0,49.2,0.0,29.8,0.0,0.0,0.5,0.0,0.0,TR,1.6,10.3,0.0,0.0,0.0,0.0,0.0,1.1,0.0
03/28/2025,Tmax,35.8,29.3,25.4,31.8,32.1,31.3,32.6,34.9,33.6,30.8,32.7,34.4,33.4,33.5,33.7,23.3,32.5,32.6,33.4,34.5,33.2,33.7,33.7,32.7
03/28/2025,Tmin,24.0,18.9,16.8,25.5,23.1,26.2,25.5,23.2,23.7,20.6,23.7,24.2,22.3,26.0,22.9,11.9,26.1,24.4,23.4,24.1,23.2,23.6,24.7,24.0
03/28/2025,Rainfall,0.0,0.0,0.0,0.0,55.0,7.8,TR,0.3,3.6,0.0,0.0,0.0,0.0,0.0,0.0,0.0,0.0,0.0,59.3,7.5,0.0,0.0,4.7,0.0
03/29/2025,Tmax,36.5,29.9,26.0,31.3,32.1,31.1,33.0,35.4,33.8,31.9,33.0,34.5,33.8,34.3,34.1,22.8,33.2,33.3,33.6,35.8,32.4,34.7,33.0,31.9
03/29/2025,Tmin,24.1,18.1,16.2,25.2,25.5,25.0,25.0,20.8,21.9,21.0,23.9,24.5,22.5,25.3,23.1,8.5,25.2,23.9,25.2,23.1,23.5,21.1,23.9,23.9
03/29/2025,Rainfall,0.0,0.0,6.4,0.0,0.0,0.1,0.0,0.0,0.9,0.0,0.0,0.0,0.0,0.0,0.0,0.0,0.0,0.0,0.0,3.0,0.0,0.0,0.5,0.0
03/30/2025,Tmax,36.3,29.8,26.0,31.5,31.7,31.2,32.5,34.6,34.2,32.2,32.7,35.0,34.5,33.6,35.5,23.6,33.0,33.4,33.4,35.6,32.6,34.9,33.0,32.1
03/30/2025,Tmin,25.7,20.0,16.7,26.7,26.0,25.9,24.6,23.3,23.6,22.0,24.4,24.8,23.5,26.2,24.5,9.7,26.3,24.6,25.8,23.1,26.0,25.0,24.6,27.0
03/30/2025,Rainfall,0.0,0.0,0.0,0.0,0.0,0.0,3.2,0.0,0.0,0.0,0.0,0.0,0.0,0.0,0.0,0.0,0.0,TR,0.0,2.4,0.0,0.0,15.3,0.0
03/31/2025,Tmax,35.4,28.8,25.9,31.7,31.9,30.9,32.0,34.4,30.8,30.4,32.9,32.8,33.6,34.3,33.7,24.0,32.5,33.2,33.8,35.2,32.4,33.9,32.6,32.4
03/31/2025,Tmin,24.6,20.7,17.8,26.2,26.6,26.0,25.1,23.0,23.7,23.0,25.6,25.7,22.8,26.0,25.2,14.3,25.4,25.1,26.4,23.9,24.9,24.9,24.4,25.0
03/31/2025,Rainfall,12.8,0.2,18.4,0.0,0.0,0.2,0.2,0.0,0.0,1.1,0.0,0.0,29.9,0.0,0.0,1.0,0.0,0.0,0.0,0.6,0.0,0.0,0.1,0.0
04/01/2025,Tmax,34.8,28.7,25.0,32.2,32.7,32.0,32.2,35.2,31.6,30.8,33.0,34.1,33.3,34.1,33.3,21.6,33.0,33.0,33.8,35.7,33.1,33.7,31.5,NA
04/01/2025,Tmin,25.7,19.2,17.0,26.0,26.4,26.5,25.4,25.3,23.0,22.2,24.9,24.6,23.5,27.3,24.4,12.9,25.9,25.4,26.3,24.0,25.3,25.6,24.3,27.8
04/01/2025,Rainfall,TR,4.1,23.7,3.6,0.0,0.0,0.0,0.0,TR,17.8,0.0,29.8,42.4,0.0,0.0,2.7,5.4,0.0,0.0,1.4,TR,0.0,0.0,0.0
04/02/2025,Tmax,NA,NA,NA,NA,NA,NA,NA,NA,NA,NA,NA,NA,NA,NA,NA,NA,NA,NA,NA,NA,NA,NA,NA,NA
04/02/2025,Tmin,NA,NA,NA,NA,NA,NA,NA,NA,NA,NA,NA,NA,NA,NA,NA,NA,NA,NA,NA,NA,NA,NA,NA,NA
04/02/2025,Rainfall,NA,NA,NA,NA,NA,NA,NA,NA,NA,NA,NA,NA,NA,NA,NA,NA,NA,NA,NA,NA,NA,NA,NA,NA
04/03/2025,Tmax,34.0,27.7,24.9,32.3,32.1,32.6,32.5,34.5,31.3,32.2,32.8,33.3,32.6,33.2,33.4,22.6,31.4,32.6,34.1,33.5,32.9,32.9,31.4,32.0
04/03/2025,Tmin,24.7,19.2,17.0,24.5,24.7,25.1,25.0,24.1,22.0,21.2,23.6,23.6,23.3,24.9,23.4,12.8,24.3,24.0,24.2,23.5,24.3,24.7,23.6,25.5
04/03/2025,Rainfall,4.0,12.1,TR,17.0,14.2,0.0,0.0,0.0,0.0,6.1,63.0,5.8,25.2,0.0,21.1,24.7,7.5,0.1,31.2,0.6,0.0,6.1,TR,0.0
04/04/2025,Tmax,34.2,29.1,24.8,31.6,31.5,31.5,33.7,33.5,32.8,29.9,31.9,33.8,33.1,33.7,32.7,19.8,32.7,32.9,33.1,35.4,32.4,32.7,32.2,32.2
04/04/2025,Tmin,23.9,19.2,17.4,25.2,24.5,24.0,24.8,23.8,22.6,21.9,23.1,23.5,23.5,25.5,23.6,13.6,25.6,23.7,24.7,23.0,24.1,24.4,24.0,25.5
04/04/2025,Rainfall,0.1,14.7,15.1,0.0,15.2,79.8,3.1,TR,2.0,31.2,77.4,17.4,TR,0.0,12.8,37.3,0.2,44.6,12.4,5.8,0.0,0.0,9.2,0.0
04/05/2025,Tmax,NA,NA,NA,NA,NA,NA,NA,NA,NA,NA,NA,NA,NA,NA,NA,NA,NA,NA,NA,NA,NA,NA,NA,NA
04/05/2025,Tmin,NA,NA,NA,NA,NA,NA,NA,NA,NA,NA,NA,NA,NA,NA,NA,NA,NA,NA,NA,NA,NA,NA,NA,NA
04/05/2025,Rainfall,NA,NA,NA,NA,NA,NA,NA,NA,NA,NA,NA,NA,NA,NA,NA,NA,NA,NA,NA,NA,NA,NA,NA,NA
04/06/2025,Tmax,35.0,29.8,26.0,32.7,31.5,30.3,33.0,33.2,32.8,31.3,32.1,33.0,33.4,33.1,34.7,21.7,32.6,32.4,33.4,34.9,32.9,34.1,33.0,33.5
04/06/2025,Tmin,24.0,20.3,17.6,23.5,24.8,24.6,24.9,26.1,22.6,22.2,24.0,22.6,23.4,26.5,23.4,13.2,24.9,24.4,24.9,23.9,24.1,24.4,24.1,26.0
04/06/2025,Rainfall,5.5,3.1,20.6,9.6,3.3,5.4,13.3,TR,1.8,22.7,52.4,38.2,7.9,TR,35.4,3.8,0.5,0.0,1.7,14.2,0.0,11.6,10.3,0.0
04/07/2025,Tmax,35.9,30.1,27.3,31.7,31.2,30.8,33.4,33.8,33.3,30.8,31.8,33.3,33.4,33.3,34.1,24.1,33.7,32.7,33.4,34.2,32.3,32.3,33.8,32.5
04/07/2025,Tmin,24.3,19.4,16.6,25.6,24.9,25.9,24.4,24.1,22.0,21.2,23.9,23.2,23.9,26.3,23.4,11.9,25.4,24.4,24.9,22.4,24.9,25.0,23.7,26.9
04/07/2025,Rainfall,0.0,13.7,3.8,0.0,1.2,0.0,3.3,0.0,15.3,7.9,0.0,43.6,0.0,0.0,22.1,21.6,0.0,0.0,0.0,34.0,0.0,0.0,4.6,0.0
04/08/2025,Tmax,37.1,29.3,25.5,32.2,32.5,31.2,33.0,34.4,32.2,31.7,33.2,33.7,33.8,34.3,34.0,22.8,33.3,33.7,34.1,35.2,32.6,34.3,32.9,33.5
04/08/2025,Tmin,24.8,19.9,17.1,26.5,26.0,24.0,24.3,24.3,22.1,23.4,25.4,25.4,24.1,26.0,25.6,11.9,24.7,25.6,25.0,23.8,25.4,25.1,21.8,27.0
04/08/2025,Rainfall,19.1,0.1,1.3,0.0,1.0,0.9,0.1,0.0,19.6,0.6,0.7,0.0,4.8,0.0,TR,0.8,40.0,0.6,9.1,4.3,TR,0.0,25.5,0.0
04/09/2025,Tmax,35.5,29.4,25.5,32.1,31.5,30.2,30.8,33.6,32.8,30.2,31.5,32.9,a 33.6,33.2,34.0,23.2,33.8,32.7,32.2,33.9,34.4,34.5,31.5,33.3
04/09/2025,Tmin,"n.
25.6",20.2,18.2,25.8,25.5,26.6,24.9,26.0,23.4,22.1,25.2,25.2,25.1,27.9,25.0,15.2,25.4,25.7,25.2,24.3,24.9,25.4,25.0,25.9
04/09/2025,Rainfall,TR,15.1,2.9,4.8,7.3,8.0,12.4,1.1,13.3,8.6,4.6,TR,TR,0.0,0.0,3.8,0.1,2.7,9.8,1.9,2.8,0.0,0.7,0.0
04/10/2025,Tmax,34.1,28.9,25.3,33.6,30.4,29.8,28.5,34.1,31.3,26.9,31.2,28.4,31.0,33.0,33.2,17.3,32.9,31.4,31.9,26.4,34.4,33.5,29.6,35.6
04/10/2025,Tmin,25.1,19.9,18.2,25.0,25.3,26.0,24.1,29.2,23.9,21.2,24.9,24.9,25.3,29.7,24.4,14.8,25.5,26.5,26.7,23.6,25.3,25.5,23.6,26.8
04/10/2025,Rainfall,6.2,0.1,0.2,0.2,4.8,9.2,32.5,0.0,0.6,20.3,13.4,0.3,7.1,0.0,0.0,6.1,0.0,20.1,9.1,37.1,0.0,0.0,62.3,0.0
04/11/2025,Tmax,34.7,27.8,25.5,32.3,31.1,29.5,29.2,34.1,30.5,29.3,31.7,31.7,32.2,33.3,33.5,19.2,33.1,33.0,32.4,32.3,34.8,34.5,30.2,36.2
04/11/2025,Tmin,25.1,18.2,17.6,24.4,24.8,25.5,24.9,24.0,21.8,20.7,24.3,25.2,24.8,26.2,23.4,14.2,24.2,25.6,24.9,23.2,25.3,25.5,24.5,26.5
04/11/2025,Rainfall,0.0,0.0,0.0,0.0,2.5,5.6,0.1,15.9,0.0,0.0,TR,0.0,0.0,2.3,0.0,TR,0.0,0.0,6.4,0.2,0.0,0.0,0.5,0.0
04/12/2025,Tmax,34.0,30.5,18.1,32.6,32.3,31.0,31.9,33.4,34.2,30.7,32.4,33.3,32.7,32.8,34.7,21.5,35.2,32.6,33.6,34.9,35.6,34.6,34.1,36.6
04/12/2025,Tmin,25.2,18.6,17.5,26.2,25.2,26.1,25.8,28.5,22.3,21.6,25.3,25.5,24.6,27.8,24.5,13.6,25.8,25.8,25.3,24.2,25.1,25.4,24.7,26.1
04/12/2025,Rainfall,0.0,3.5,15.2,0.0,16.4,4.4,0.0,0.0,TR,0.0,7.2,0.0,0.0,0.0,0.0,TR,0.0,TR,19.0,8.0,0.0,0.0,0.0,0.0
04/13/2025,Tmax,35.4,30.0,26.8,32.1,32.1,30.8,32.7,34.0,33.9,31.5,32.0,33.6,33.6,32.8,35.7,22.1,33.6,33.1,33.6,34.4,35.5,35.6,35.2,36.6
04/13/2025,Tmin,25.9,19.8,17.2,25.6,26.6,27.2,25.7,26.0,22.5,22.4,26.1,25.3,24.7,26.8,25.9,12.7,25.9,26.6,27.2,24.7,25.0,25.4,24.7,26.0
04/13/2025,Rainfall,0.0,1.2,2.9,4.6,0.5,2.1,0.0,0.0,10.0,0.0,3.3,TR,0.0,0.0,0.2,0.0,0.0,0.8,0.0,2.6,TR,0.0,5.1,0.0
04/14/2025,Tmax,36.4,30.0,25.6,32.0,32.7,31.1,33.2,35.5,32.1,32.0,32.6,33.3,33.8,33.9,34.0,22.7,33.9,33.4,33.8,34.2,34.6,36.0,33.7,33.8
04/14/2025,Tmin,23.4,18.7,16.6,25.6,24.1,25.3,24.4,25.3,21.8,22.0,23.5,24.8,24.6,26.2,23.5,13.3,25.0,24.6,24.4,23.6,24.8,23.0,23.3,26.1
04/14/2025,Rainfall,5.4,2.8,47.1,1.2,32.5,0.0,5.6,0.0,26.2,0.0,19.8,2.6,0.0,0.0,0.2,0.1,0.2,4.0,40.5,10.0,0.0,61.8,15.1,0.0
04/15/2025,Tmax,36.1,29.1,25.5,31.4,31.9,31.3,33.1,34.0,32.8,32.0,33.2,34.7,34.6,34.5,34.6,22.4,33.4,33.8,33.5,35.6,34.2,35.0,33.5,33.1
04/15/2025,Tmin,26.5,19.4,17.0,26.6,26.1,26.2,24.1,26.1,21.7,22.2,25.3,25.3,25.2,27.4,24.6,10.9,25.7,26.3,26.5,23.8,25.8,25.4,23.2,26.5
04/15/2025,Rainfall,0.0,0.2,4.7,0.0,0.1,0.0,14.8,0.0,47.5,1.8,0.0,0.0,0.0,0.0,0.0,10.7,0.0,0.0,TR,0.3,0.0,0.0,24.7,0.0
04/16/2025,Tmax,35.6,30.1,25.9,31.8,32.1,30.7,32.1,35.4,32.3,31.8,32.2,33.7,34.5,33.7,35.7,22.2,33.7,33.2,33.4,34.8,34.2,35.0,33.6,33.3
04/16/2025,Tmin,24.4,20.6,18.1,26.4,26.8,27.0,25.4,25.8,23.1,21.4,25.7,25.2,24.0,26.5,24.1,12.4,25.8,26.0,26.5,23.9,25.2,24.9,23.8,26.3
04/16/2025,Rainfall,2.1,2.2,18.0,0.0,0.0,0.0,TR,0.0,18.4,0.0,0.0,0.0,0.0,0.0,14.2,0.0,0.0,0.0,0.0,0.0,0.0,9.6,31.8,0.0
04/17/2025,Tmax,NA,NA,NA,NA,NA,NA,NA,NA,NA,NA,NA,NA,NA,NA,NA,NA,NA,NA,NA,NA,NA,NA,NA,NA
04/17/2025,Tmin,NA,NA,NA,NA,NA,NA,NA,NA,NA,NA,NA,NA,NA,NA,NA,NA,NA,NA,NA,NA,NA,NA,NA,NA
04/17/2025,Rainfall,NA,NA,NA,NA,NA,NA,NA,NA,NA,NA,NA,NA,NA,NA,NA,NA,NA,NA,NA,NA,NA,NA,NA,NA
04/18/2025,Tmax,35.8,30.1,27.0,32.6,32.3,31.4,32.3,34.4,33.3,31.8,32.5,33.4,34.1,33.8,35.6,21.8,36.0,33.2,33.9,34.3,34.6,34.5,33.8,36.3
04/18/2025,Tmin,25.8,20.6,17.9,25.6,26.8,27.3,26.4,28.4,22.8,21.9,25.6,25.3,25.2,29.5,25.0,13.6,25.5,26.4,26.6,23.7,24.8,25.3,24.7,26.1
04/18/2025,Rainfall,0.0,19.3,20.7,0.0,0.2,0.0,0.0,0.0,27.4,0.0,1.8,0.0,0.0,0.0,0.1,0.0,TR,0.0,1.0,0.0,0.8,0.0,0.0,9.2
04/19/2025,Tmax,35.3,30.4,26.9,32.1,32.2,31.6,32.3,34.4,34.6,31.7,32.4,33.8,33.3,34.0,35.5,23.0,35.2,33.4,33.7,34.6,36.6,34.5,34.5,37.1
04/19/2025,Tmin,25.5,20.7,18.0,26.3,27.0,28.5,26.6,27.6,23.1,21.7,25.8,25.5,24.7,27.3,24.4,12.9,25.7,26.4,26.8,24.1,24.2,25.9,25.7,26.6
04/19/2025,Rainfall,0.0,18.5,21.7,0.0,3.3,0.0,0.0,0.0,13.4,0.0,0.2,0.0,0.0,0.0,0.7,2.9,0.4,0.0,1.9,0.0,43.8,0.0,0.0,0.0
04/20/2025,Tmax,35.1,30.3,26.0,32.6,32.2,31.1,32.1,34.3,33.8,32.2,32.2,34.0,33.9,33.7,35.6,22.7,35.9,33.3,33.8,35.2,35.4,35.1,33.5,36.5
04/20/2025,Tmin,25.5,20.1,17.5,25.9,25.1,28.3,26.9,27.3,22.9,22.1,25.0,25.4,25.3,27.0,24.0,13.4,25.3,26.6,25.4,23.3,26.0,26.3,25.6,27.0
04/20/2025,Rainfall,0.0,0.0,17.2,0.0,5.8,0.2,0.0,0.0,1.0,0.0,19.4,0.0,0.0,0.0,TR,0.0,0.0,0.0,19.5,18.8,0.0,0.0,0.0,0.0
04/21/2025,Tmax,35.4,29.4,25.4,32.4,31.8,31.3,32.2,35.1,33.8,32.2,32.9,34.5,34.2,33.7,34.7,22.3,33.7,33.2,33.3,34.3,35.5,35.5,34.2,NA
04/21/2025,Tmin,23.6,19.9,17.3,25.2,23.7,25.3,25.9,25.8,22.8,22.6,23.7,24.4,24.5,26.5,24.6,13.9,24.6,24.8,23.6,22.7,24.1,25.0,24.7,25.6
04/21/2025,Rainfall,7.6,25.2,12.6,5.6,33.0,11.9,0.0,0.0,10.4,TR,5.8,0.1,2.4,0.0,23.7,6.5,1.1,0.8,36.8,10.7,37.6,16.9,0.0,11.1
04/22/2025,Tmax,29.2,25.6,32.5,31.2,30.9,32.4,35.9,34.0,32.2,31.8,34.1,33.7,32.5,35.0,23.7,33.8,32.8,32.8,34.2,33.6,34.3,34.1,34.1,NA
04/22/2025,Tmin,19.3,16.6,25.5,25.0,27.0,26.2,26.8,22.1,21.9,25.2,24.6,24.4,27.3,24.1,12.5,25.1,24.7,26.4,24.0,25.4,25.3,24.5,25.0,NA
04/22/2025,Rainfall,29.1,6.6,0.0,40.8,0.0,0.0,0.0,9.7,0.5,9.2,0.1,TR,0.0,1.8,2.5,0.0,26.9,1.0,11.9,TR,0.8,0.2,TR,NA
04/23/2025,Tmax,34.6,30.1,26.7,32.2,31.7,30.7,32.2,34.3,33.8,31.8,33.4,32.7,33.2,30.6,34.9,23.4,35.0,32.2,33.1,33.4,35.5,34.0,33.9,35.7
04/23/2025,Tmin,25.7,18.9,16.7,25.6,25.4,26.3,26.7,28.6,22.3,21.6,25.3,25.8,25.5,27.3,24.6,13.0,25.5,26.0,25.5,23.8,24.8,25.3,24.8,26.1
04/23/2025,Rainfall,0.0,18.6,10.7,0.0,1.7,0.9,0.0,0.0,TR,0.0,1.3,1.3,0.0,0.0,0.5,21.2,0.0,1.4,8.4,0.6,22.1,0.0,8.2,2.0
04/24/2025,Tmax,30.0,26.4,32.6,32.4,31.6,32.1,34.8,33.5,32.0,32.5,33.6,33.7,33.7,35.0,23.0,35.0,32.9,33.7,33.9,34.5,34.7,34.1,35.3,NA
04/24/2025,Tmin,19.6,17.5,25.8,25.2,27.8,26.0,28.4,22.5,22.5,24.5,25.1,25.2,27.2,24.1,13.1,25.4,26.0,24.9,23.3,26.0,26.0,25.0,26.5,NA
04/24/2025,Rainfall,0.8,2.2,0.0,19.6,0.0,7.3,0.0,9.6,0.1,9.8,0.1,0.0,0.0,54.8,2.3,0.0,TR,45.9,31.6,0.0,0.0,3.0,2.4,NA
04/25/2025,Tmax,36.6,30.4,26.5,32.7,31.8,31.5,32.0,34.5,34.3,31.6,32.5,34.0,34.3,33.7,34.7,22.3,35.3,33.1,33.6,33.4,34.5,35.4,34.0,NA
04/25/2025,Tmin,24.5,19.0,17.2,25.9,25.7,26.5,26.6,26.6,22.1,22.3,25.1,23.8,24.0,26.7,24.4,12.3,25.2,25.1,25.8,23.7,24.4,25.2,24.6,26.1
04/25/2025,Rainfall,0.0,14.4,2.7,TR,0.1,1.5,0.0,0.0,22.9,4.7,1.4,8.6,0.0,0.0,1.4,2.3,0.0,10.0,0.6,0.2,TR,0.1,7.5,0.2
04/26/2025,Tmax,36.1,30.0,26.3,32.5,32.4,30.7,32.4,35.0,34.0,32.1,33.0,34.1,35.3,33.6,35.0,23.5,35.4,32.6,34.1,36.4,34.3,35.5,33.5,35.2
04/26/2025,Tmin,25.1,19.2,17.7,26.1,26.3,27.0,25.7,27.1,22.3,21.9,25.5,24.1,23.4,26.5,25.6,12.7,25.4,25.5,26.2,24.1,24.9,24.9,24.6,26.1
04/26/2025,Rainfall,0.0,22.3,0.9,0.0,TR,0.0,0.0,0.0,48.6,2.9,TR,10.0,10.0,1.1,0.0,17.5,0.0,0.0,0.5,4.5,0.0,3.9,0.0,0.0
04/27/2025,Tmax,36.2,29.0,25.3,32.3,31.5,31.3,32.1,34.2,33.5,31.0,32.1,33.3,34.2,33.7,34.0,21.9,35.3,32.8,33.4,33.3,33.3,34.3,33.6,33.6
04/27/2025,Tmin,23.9,19.6,18.1,25.4,25.7,26.8,25.0,24.8,22.6,22.1,25.4,24.5,23.2,26.3,24.4,13.0,24.5,24.5,26.4,23.9,24.1,24.5,23.6,25.7
04/27/2025,Rainfall,42.8,8.3,2.2,3.8,30.0,0.0,0.0,9.6,0.1,1.9,0.0,0.2,77.6,0.0,0.1,40.5,6.8,1.6,0.0,1.2,9.8,9.1,7.7,0.0
04/28/2025,Tmax,34.7,30.3,25.5,33.3,31.3,31.5,32.9,34.9,33.5,32.3,32.7,34.3,33.6,33.9,34.3,23.2,34.3,33.0,33.3,35.6,33.0,34.6,32.6,33.1
04/28/2025,Tmin,22.8,19.6,18.1,25.4,25.7,26.5,25.4,23.9,23.1,21.4,24.8,24.3,23.7,26.7,23.9,13.1,25.6,25.0,25.8,23.7,24.3,24.6,24.6,26.0
04/28/2025,Rainfall,42.2,36.8,6.2,Tr,0.0,0.0,25.7,42.5,11.3,1.8,2.6,0.1,2.4,0.0,25.8,66.2,0.0,0.0,0.0,7.5,Tr,1.0,0.0,0.0
04/29/2025,Tmax,36.4,28.6,26.8,33.5,32.4,31.7,32.3,34.4,33.4,32.2,32.7,35.4,34.5,34.0,34.5,22.5,34.0,33.5,34.0,35.3,34.1,34.9,32.4,33.6
04/29/2025,Tmin,22.4,20.0,19.0,26.0,26.0,27.1,25.0,25.7,23.8,22.6,25.9,24.5,23.3,26.3,24.4,14.0,25.8,25.6,26.2,23.7,24.7,24.0,24.5,25.5
04/29/2025,Rainfall,50.2,17.9,11.3,TR,2.8,6.3,16.8,TR,TR,4.0,0.0,2.7,70.2,4.7,72.8,9.3,1.6,0.4,3.6,44.2,0.0,6.9,12.2,0.0
04/30/2025,Tmax,34.4,29.4,26.0,32.7,30.6,30.8,31.8,33.3,32.8,30.8,31.4,32.4,32.5,32.5,33.1,21.1,34.2,32.3,30.6,33.3,35.1,34.1,32.8,36.1
04/30/2025,Tmin,24.7,19.6,17.9,25.4,25.2,25.5,25.0,28.7,23.5,22.0,25.0,24.0,23.7,26.5,24.5,13.3,24.2,25.7,25.3,23.4,23.3,24.9,24.7,25.6
04/30/2025,Rainfall,0.0,30.6,11.5,0.9,20.5,37.8,5.6,0.0,4.0,3.9,0.2,12.7,0.2,0.2,16.9,27.1,21.6,TR,56.2,2.0,17.7,2.0,2.6,5.4
05/01/2025,Tmax,35.3,30.0,26.4,32.1,31.4,30.7,31.0,33.6,33.0,32.2,33.0,34.3,33.8,34.3,34.1,22.2,33.8,33.4,33.6,34.4,33.2,34.4,32.7,NA
05/01/2025,Tmin,25.5,21.6,18.0,26.4,26.0,26.4,26.4,28.3,23.4,22.3,25.5,24.9,25.0,27.7,25.0,12.7,26.1,26.2,26.5,24.5,25.6,25.0,25.5,26.4
05/01/2025,Rainfall,0.0,0.0,TR,0.0,1.7,5.5,0.0,TR,0.9,0.0,0.0,0.0,0.0,0.0,0.0,0.0,0.0,0.0,1.9,0.0,TR,0.0,0.0,0.0
05/02/2025,Tmax,35.9,29.9,25.9,32.3,31.8,30.9,31.7,34.0,32.3,31.5,32.5,33.7,33.8,33.7,24.6,21.4,34.7,33.4,33.5,34.0,33.1,35.6,33.0,35.3
05/02/2025,Tmin,23.3,19.1,16.9,25.5,25.7,26.3,23.9,28.7,21.6,21.1,25.6,24.3,24.1,27.6,24.1,12.3,24.3,26.1,25.9,24.2,25.0,25.4,23.9,26.0
05/02/2025,Rainfall,34.1,3.9,2.9,0.0,3.9,8.9,35.0,0.0,27.9,30.3,0.0,0.1,13.4,TR,8.0,2.7,0.0,0.0,5.7,0.3,7.7,0.0,27.4,0.0
05/03/2025,Tmax,33.6,30.4,26.1,32.4,31.7,30.6,31.5,33.9,33.3,31.4,32.4,33.2,31.8,33.7,35.1,23.2,33.9,32.9,33.3,35.0,34.5,35.0,33.1,36.0
05/03/2025,Tmin,25.5,20.4,17.6,26.6,27.1,26.8,24.0,28.6,22.6,22.8,26.4,26.3,25.0,29.4,25.1,15.0,24.7,26.4,27.1,24.3,25.8,25.0,22.3,26.7
05/03/2025,Rainfall,24.8,9.8,39.8,0.0,TR,TR,0.4,0.0,5.5,8.7,0.0,0.0,0.0,0.0,0.0,12.4,TR,0.6,4.7,2.9,0.0,0.0,17.2,0.0
05/04/2025,Tmax,35.2,30.1,26.0,33.2,32.2,31.4,32.1,34.3,33.7,32.4,32.8,34.9,34.6,33.6,35.6,23.5,33.1,33.5,33.7,33.9,35.0,36.0,33.4,35.2
05/04/2025,Tmin,22.7,18.9,17.0,26.5,26.9,27.0,25.4,22.9,22.1,21.0,26.2,25.4,23.6,24.2,25.0,11.7,25.0,23.1,26.8,24.9,24.2,23.5,24.7,24.3
05/04/2025,Rainfall,5.4,5.0,1.3,0.0,1.4,0.0,2.0,42.4,5.8,1.1,0.0,0.0,31.3,29.7,0.0,TR,0.0,12.2,1.7,0.0,0.1,2.6,0.0,2.6
05/05/2025,Tmax,NA,NA,NA,NA,NA,NA,NA,NA,NA,NA,NA,NA,NA,NA,NA,NA,NA,NA,NA,NA,NA,NA,NA,NA
05/05/2025,Tmin,NA,NA,NA,NA,NA,NA,NA,NA,NA,NA,NA,NA,NA,NA,NA,NA,NA,NA,NA,NA,NA,NA,NA,NA
05/05/2025,Rainfall,NA,NA,NA,NA,NA,NA,NA,NA,NA,NA,NA,NA,NA,NA,NA,NA,NA,NA,NA,NA,NA,NA,NA,NA
05/06/2025,Tmax,NA,NA,NA,NA,NA,NA,NA,NA,NA,NA,NA,NA,NA,NA,NA,NA,NA,NA,NA,NA,NA,NA,NA,NA
05/06/2025,Tmin,NA,NA,NA,NA,NA,NA,NA,NA,NA,NA,NA,NA,NA,NA,NA,NA,NA,NA,NA,NA,NA,NA,NA,NA
05/06/2025,Rainfall,NA,NA,NA,NA,NA,NA,NA,NA,NA,NA,NA,NA,NA,NA,NA,NA,NA,NA,NA,NA,NA,NA,NA,NA
05/07/2025,Tmax,NA,NA,NA,NA,NA,NA,NA,NA,NA,NA,NA,NA,NA,NA,NA,NA,NA,NA,NA,NA,NA,NA,NA,NA
05/07/2025,Tmin,NA,NA,NA,NA,NA,NA,NA,NA,NA,NA,NA,NA,NA,NA,NA,NA,NA,NA,NA,NA,NA,NA,NA,NA
05/07/2025,Rainfall,NA,NA,NA,NA,NA,NA,NA,NA,NA,NA,NA,NA,NA,NA,NA,NA,NA,NA,NA,NA,NA,NA,NA,NA
05/08/2025,Tmax,NA,NA,NA,NA,NA,NA,NA,NA,NA,NA,NA,NA,NA,NA,NA,NA,NA,NA,NA,NA,NA,NA,NA,NA
05/08/2025,Tmin,NA,NA,NA,NA,NA,NA,NA,NA,NA,NA,NA,NA,NA,NA,NA,NA,NA,NA,NA,NA,NA,NA,NA,NA
05/08/2025,Rainfall,NA,NA,NA,NA,NA,NA,NA,NA,NA,NA,NA,NA,NA,NA,NA,NA,NA,NA,NA,NA,NA,NA,NA,NA
05/09/2025,Tmax,NA,NA,NA,NA,NA,NA,NA,NA,NA,NA,NA,NA,NA,NA,NA,NA,NA,NA,NA,NA,NA,NA,NA,NA
05/09/2025,Tmin,NA,NA,NA,NA,NA,NA,NA,NA,NA,NA,NA,NA,NA,NA,NA,NA,NA,NA,NA,NA,NA,NA,NA,NA
05/09/2025,Rainfall,NA,NA,NA,NA,NA,NA,NA,NA,NA,NA,NA,NA,NA,NA,NA,NA,NA,NA,NA,NA,NA,NA,NA,NA
05/10/2025,Tmax,NA,NA,NA,NA,NA,NA,NA,NA,NA,NA,NA,NA,NA,NA,NA,NA,NA,NA,NA,NA,NA,NA,NA,NA
05/10/2025,Tmin,NA,NA,NA,NA,NA,NA,NA,NA,NA,NA,NA,NA,NA,NA,NA,NA,NA,NA,NA,NA,NA,NA,NA,NA
05/10/2025,Rainfall,NA,NA,NA,NA,NA,NA,NA,NA,NA,NA,NA,NA,NA,NA,NA,NA,NA,NA,NA,NA,NA,NA,NA,NA
05/11/2025,Tmax,NA,NA,NA,NA,NA,NA,NA,NA,NA,NA,NA,NA,NA,NA,NA,NA,NA,NA,NA,NA,NA,NA,NA,NA
05/11/2025,Tmin,NA,NA,NA,NA,NA,NA,NA,NA,NA,NA,NA,NA,NA,NA,NA,NA,NA,NA,NA,NA,NA,NA,NA,NA
05/11/2025,Rainfall,NA,NA,NA,NA,NA,NA,NA,NA,NA,NA,NA,NA,NA,NA,NA,NA,NA,NA,NA,NA,NA,NA,NA,NA
05/12/2025,Tmax,NA,NA,NA,NA,NA,NA,NA,NA,NA,NA,NA,NA,NA,NA,NA,NA,NA,NA,NA,NA,NA,NA,NA,NA
05/12/2025,Tmin,NA,NA,NA,NA,NA,NA,NA,NA,NA,NA,NA,NA,NA,NA,NA,NA,NA,NA,NA,NA,NA,NA,NA,NA
05/12/2025,Rainfall,NA,NA,NA,NA,NA,NA,NA,NA,NA,NA,NA,NA,NA,NA,NA,NA,NA,NA,NA,NA,NA,NA,NA,NA
05/13/2025,Tmax,NA,NA,NA,NA,NA,NA,NA,NA,NA,NA,NA,NA,NA,NA,NA,NA,NA,NA,NA,NA,NA,NA,NA,NA
05/13/2025,Tmin,NA,NA,NA,NA,NA,NA,NA,NA,NA,NA,NA,NA,NA,NA,NA,NA,NA,NA,NA,NA,NA,NA,NA,NA
05/13/2025,Rainfall,NA,NA,NA,NA,NA,NA,NA,NA,NA,NA,NA,NA,NA,NA,NA,NA,NA,NA,NA,NA,NA,NA,NA,NA
05/14/2025,Tmax,NA,NA,NA,NA,NA,NA,NA,NA,NA,NA,NA,NA,NA,NA,NA,NA,NA,NA,NA,NA,NA,NA,NA,NA
05/14/2025,Tmin,NA,NA,NA,NA,NA,NA,NA,NA,NA,NA,NA,NA,NA,NA,NA,NA,NA,NA,NA,NA,NA,NA,NA,NA
05/14/2025,Rainfall,NA,NA,NA,NA,NA,NA,NA,NA,NA,NA,NA,NA,NA,NA,NA,NA,NA,NA,NA,NA,NA,NA,NA,NA
05/15/2025,Tmax,NA,NA,NA,NA,NA,NA,NA,NA,NA,NA,NA,NA,NA,NA,NA,NA,NA,NA,NA,NA,NA,NA,NA,NA
05/15/2025,Tmin,NA,NA,NA,NA,NA,NA,NA,NA,NA,NA,NA,NA,NA,NA,NA,NA,NA,NA,NA,NA,NA,NA,NA,NA
05/15/2025,Rainfall,NA,NA,NA,NA,NA,NA,NA,NA,NA,NA,NA,NA,NA,NA,NA,NA,NA,NA,NA,NA,NA,NA,NA,NA
05/16/2025,Tmax,NA,NA,NA,NA,NA,NA,NA,NA,NA,NA,NA,NA,NA,NA,NA,NA,NA,NA,NA,NA,NA,NA,NA,NA
05/16/2025,Tmin,NA,NA,NA,NA,NA,NA,NA,NA,NA,NA,NA,NA,NA,NA,NA,NA,NA,NA,NA,NA,NA,NA,NA,NA
05/16/2025,Rainfall,NA,NA,NA,NA,NA,NA,NA,NA,NA,NA,NA,NA,NA,NA,NA,NA,NA,NA,NA,NA,NA,NA,NA,NA
05/17/2025,Tmax,NA,NA,NA,NA,NA,NA,NA,NA,NA,NA,NA,NA,NA,NA,NA,NA,NA,NA,NA,NA,NA,NA,NA,NA
05/17/2025,Tmin,NA,NA,NA,NA,NA,NA,NA,NA,NA,NA,NA,NA,NA,NA,NA,NA,NA,NA,NA,NA,NA,NA,NA,NA
05/17/2025,Rainfall,NA,NA,NA,NA,NA,NA,NA,NA,NA,NA,NA,NA,NA,NA,NA,NA,NA,NA,NA,NA,NA,NA,NA,NA
05/18/2025,Tmax,NA,NA,NA,NA,NA,NA,NA,NA,NA,NA,NA,NA,NA,NA,NA,NA,NA,NA,NA,NA,NA,NA,NA,NA
05/18/2025,Tmin,NA,NA,NA,NA,NA,NA,NA,NA,NA,NA,NA,NA,NA,NA,NA,NA,NA,NA,NA,NA,NA,NA,NA,NA
05/18/2025,Rainfall,NA,NA,NA,NA,NA,NA,NA,NA,NA,NA,NA,NA,NA,NA,NA,NA,NA,NA,NA,NA,NA,NA,NA,NA
05/19/2025,Tmax,NA,NA,NA,NA,NA,NA,NA,NA,NA,NA,NA,NA,NA,NA,NA,NA,NA,NA,NA,NA,NA,NA,NA,NA
05/19/2025,Tmin,NA,NA,NA,NA,NA,NA,NA,NA,NA,NA,NA,NA,NA,NA,NA,NA,NA,NA,NA,NA,NA,NA,NA,NA
05/19/2025,Rainfall,NA,NA,NA,NA,NA,NA,NA,NA,NA,NA,NA,NA,NA,NA,NA,NA,NA,NA,NA,NA,NA,NA,NA,NA
05/20/2025,Tmax,NA,NA,NA,NA,NA,NA,NA,NA,NA,NA,NA,NA,NA,NA,NA,NA,NA,NA,NA,NA,NA,NA,NA,NA
05/20/2025,Tmin,NA,NA,NA,NA,NA,NA,NA,NA,NA,NA,NA,NA,NA,NA,NA,NA,NA,NA,NA,NA,NA,NA,NA,NA
05/20/2025,Rainfall,NA,NA,NA,NA,NA,NA,NA,NA,NA,NA,NA,NA,NA,NA,NA,NA,NA,NA,NA,NA,NA,NA,NA,NA
05/21/2025,Tmax,NA,NA,NA,NA,NA,NA,NA,NA,NA,NA,NA,NA,NA,NA,NA,NA,NA,NA,NA,NA,NA,NA,NA,NA
05/21/2025,Tmin,NA,NA,NA,NA,NA,NA,NA,NA,NA,NA,NA,NA,NA,NA,NA,NA,NA,NA,NA,NA,NA,NA,NA,NA
05/21/2025,Rainfall,NA,NA,NA,NA,NA,NA,NA,NA,NA,NA,NA,NA,NA,NA,NA,NA,NA,NA,NA,NA,NA,NA,NA,NA
05/22/2025,Tmax,NA,NA,NA,NA,NA,NA,NA,NA,NA,NA,NA,NA,NA,NA,NA,NA,NA,NA,NA,NA,NA,NA,NA,NA
05/22/2025,Tmin,NA,NA,NA,NA,NA,NA,NA,NA,NA,NA,NA,NA,NA,NA,NA,NA,NA,NA,NA,NA,NA,NA,NA,NA
05/22/2025,Rainfall,NA,NA,NA,NA,NA,NA,NA,NA,NA,NA,NA,NA,NA,NA,NA,NA,NA,NA,NA,NA,NA,NA,NA,NA
05/23/2025,Tmax,NA,NA,NA,NA,NA,NA,NA,NA,NA,NA,NA,NA,NA,NA,NA,NA,NA,NA,NA,NA,NA,NA,NA,NA
05/23/2025,Tmin,NA,NA,NA,NA,NA,NA,NA,NA,NA,NA,NA,NA,NA,NA,NA,NA,NA,NA,NA,NA,NA,NA,NA,NA
05/23/2025,Rainfall,NA,NA,NA,NA,NA,NA,NA,NA,NA,NA,NA,NA,NA,NA,NA,NA,NA,NA,NA,NA,NA,NA,NA,NA
05/24/2025,Tmax,NA,NA,NA,NA,NA,NA,NA,NA,NA,NA,NA,NA,NA,NA,NA,NA,NA,NA,NA,NA,NA,NA,NA,NA
05/24/2025,Tmin,NA,NA,NA,NA,NA,NA,NA,NA,NA,NA,NA,NA,NA,NA,NA,NA,NA,NA,NA,NA,NA,NA,NA,NA
05/24/2025,Rainfall,NA,NA,NA,NA,NA,NA,NA,NA,NA,NA,NA,NA,NA,NA,NA,NA,NA,NA,NA,NA,NA,NA,NA,NA
05/25/2025,Tmax,NA,NA,NA,NA,NA,NA,NA,NA,NA,NA,NA,NA,NA,NA,NA,NA,NA,NA,NA,NA,NA,NA,NA,NA
05/25/2025,Tmin,NA,NA,NA,NA,NA,NA,NA,NA,NA,NA,NA,NA,NA,NA,NA,NA,NA,NA,NA,NA,NA,NA,NA,NA
05/25/2025,Rainfall,NA,NA,NA,NA,NA,NA,NA,NA,NA,NA,NA,NA,NA,NA,NA,NA,NA,NA,NA,NA,NA,NA,NA,NA
05/26/2025,Tmax,NA,NA,NA,NA,NA,NA,NA,NA,NA,NA,NA,NA,NA,NA,NA,NA,NA,NA,NA,NA,NA,NA,NA,NA
05/26/2025,Tmin,NA,NA,NA,NA,NA,NA,NA,NA,NA,NA,NA,NA,NA,NA,NA,NA,NA,NA,NA,NA,NA,NA,NA,NA
05/26/2025,Rainfall,NA,NA,NA,NA,NA,NA,NA,NA,NA,NA,NA,NA,NA,NA,NA,NA,NA,NA,NA,NA,NA,NA,NA,NA
05/27/2025,Tmax,NA,NA,NA,NA,NA,NA,NA,NA,NA,NA,NA,NA,NA,NA,NA,NA,NA,NA,NA,NA,NA,NA,NA,NA
05/27/2025,Tmin,NA,NA,NA,NA,NA,NA,NA,NA,NA,NA,NA,NA,NA,NA,NA,NA,NA,NA,NA,NA,NA,NA,NA,NA
05/27/2025,Rainfall,NA,NA,NA,NA,NA,NA,NA,NA,NA,NA,NA,NA,NA,NA,NA,NA,NA,NA,NA,NA,NA,NA,NA,NA
05/28/2025,Tmax,NA,NA,NA,NA,NA,NA,NA,NA,NA,NA,NA,NA,NA,NA,NA,NA,NA,NA,NA,NA,NA,NA,NA,NA
05/28/2025,Tmin,NA,NA,NA,NA,NA,NA,NA,NA,NA,NA,NA,NA,NA,NA,NA,NA,NA,NA,NA,NA,NA,NA,NA,NA
05/28/2025,Rainfall,NA,NA,NA,NA,NA,NA,NA,NA,NA,NA,NA,NA,NA,NA,NA,NA,NA,NA,NA,NA,NA,NA,NA,NA
05/29/2025,Tmax,NA,NA,NA,NA,NA,NA,NA,NA,NA,NA,NA,NA,NA,NA,NA,NA,NA,NA,NA,NA,NA,NA,NA,NA
05/29/2025,Tmin,NA,NA,NA,NA,NA,NA,NA,NA,NA,NA,NA,NA,NA,NA,NA,NA,NA,NA,NA,NA,NA,NA,NA,NA
05/29/2025,Rainfall,NA,NA,NA,NA,NA,NA,NA,NA,NA,NA,NA,NA,NA,NA,NA,NA,NA,NA,NA,NA,NA,NA,NA,NA
05/30/2025,Tmax,NA,NA,NA,NA,NA,NA,NA,NA,NA,NA,NA,NA,NA,NA,NA,NA,NA,NA,NA,NA,NA,NA,NA,NA
05/30/2025,Tmin,NA,NA,NA,NA,NA,NA,NA,NA,NA,NA,NA,NA,NA,NA,NA,NA,NA,NA,NA,NA,NA,NA,NA,NA
05/30/2025,Rainfall,NA,NA,NA,NA,NA,NA,NA,NA,NA,NA,NA,NA,NA,NA,NA,NA,NA,NA,NA,NA,NA,NA,NA,NA
05/31/2025,Tmax,NA,NA,NA,NA,NA,NA,NA,NA,NA,NA,NA,NA,NA,NA,NA,NA,NA,NA,NA,NA,NA,NA,NA,NA
05/31/2025,Tmin,NA,NA,NA,NA,NA,NA,NA,NA,NA,NA,NA,NA,NA,NA,NA,NA,NA,NA,NA,NA,NA,NA,NA,NA
05/31/2025,Rainfall,NA,NA,NA,NA,NA,NA,NA,NA,NA,NA,NA,NA,NA,NA,NA,NA,NA,NA,NA,NA,NA,NA,NA,NA
06/01/2025,Tmax,NA,NA,NA,NA,NA,NA,NA,NA,NA,NA,NA,NA,NA,NA,NA,NA,NA,NA,NA,NA,NA,NA,NA,NA
06/01/2025,Tmin,NA,NA,NA,NA,NA,NA,NA,NA,NA,NA,NA,NA,NA,NA,NA,NA,NA,NA,NA,NA,NA,NA,NA,NA
06/01/2025,Rainfall,NA,NA,NA,NA,NA,NA,NA,NA,NA,NA,NA,NA,NA,NA,NA,NA,NA,NA,NA,NA,NA,NA,NA,NA
06/02/2025,Tmax,NA,NA,NA,NA,NA,NA,NA,NA,NA,NA,NA,NA,NA,NA,NA,NA,NA,NA,NA,NA,NA,NA,NA,NA
06/02/2025,Tmin,NA,NA,NA,NA,NA,NA,NA,NA,NA,NA,NA,NA,NA,NA,NA,NA,NA,NA,NA,NA,NA,NA,NA,NA
06/02/2025,Rainfall,NA,NA,NA,NA,NA,NA,NA,NA,NA,NA,NA,NA,NA,NA,NA,NA,NA,NA,NA,NA,NA,NA,NA,NA
06/03/2025,Tmax,NA,NA,NA,NA,NA,NA,NA,NA,NA,NA,NA,NA,NA,NA,NA,NA,NA,NA,NA,NA,NA,NA,NA,NA
06/03/2025,Tmin,NA,NA,NA,NA,NA,NA,NA,NA,NA,NA,NA,NA,NA,NA,NA,NA,NA,NA,NA,NA,NA,NA,NA,NA
06/03/2025,Rainfall,NA,NA,NA,NA,NA,NA,NA,NA,NA,NA,NA,NA,NA,NA,NA,NA,NA,NA,NA,NA,NA,NA,NA,NA
06/04/2025,Tmax,NA,NA,NA,NA,NA,NA,NA,NA,NA,NA,NA,NA,NA,NA,NA,NA,NA,NA,NA,NA,NA,NA,NA,NA
06/04/2025,Tmin,NA,NA,NA,NA,NA,NA,NA,NA,NA,NA,NA,NA,NA,NA,NA,NA,NA,NA,NA,NA,NA,NA,NA,NA
06/04/2025,Rainfall,NA,NA,NA,NA,NA,NA,NA,NA,NA,NA,NA,NA,NA,NA,NA,NA,NA,NA,NA,NA,NA,NA,NA,NA
06/05/2025,Tmax,NA,NA,NA,NA,NA,NA,NA,NA,NA,NA,NA,NA,NA,NA,NA,NA,NA,NA,NA,NA,NA,NA,NA,NA
06/05/2025,Tmin,NA,NA,NA,NA,NA,NA,NA,NA,NA,NA,NA,NA,NA,NA,NA,NA,NA,NA,NA,NA,NA,NA,NA,NA
06/05/2025,Rainfall,NA,NA,NA,NA,NA,NA,NA,NA,NA,NA,NA,NA,NA,NA,NA,NA,NA,NA,NA,NA,NA,NA,NA,NA
06/06/2025,Tmax,NA,NA,NA,NA,NA,NA,NA,NA,NA,NA,NA,NA,NA,NA,NA,NA,NA,NA,NA,NA,NA,NA,NA,NA
06/06/2025,Tmin,NA,NA,NA,NA,NA,NA,NA,NA,NA,NA,NA,NA,NA,NA,NA,NA,NA,NA,NA,NA,NA,NA,NA,NA
06/06/2025,Rainfall,NA,NA,NA,NA,NA,NA,NA,NA,NA,NA,NA,NA,NA,NA,NA,NA,NA,NA,NA,NA,NA,NA,NA,NA
06/07/2025,Tmax,NA,NA,NA,NA,NA,NA,NA,NA,NA,NA,NA,NA,NA,NA,NA,NA,NA,NA,NA,NA,NA,NA,NA,NA
06/07/2025,Tmin,NA,NA,NA,NA,NA,NA,NA,NA,NA,NA,NA,NA,NA,NA,NA,NA,NA,NA,NA,NA,NA,NA,NA,NA
06/07/2025,Rainfall,NA,NA,NA,NA,NA,NA,NA,NA,NA,NA,NA,NA,NA,NA,NA,NA,NA,NA,NA,NA,NA,NA,NA,NA
06/08/2025,Tmax,NA,NA,NA,NA,NA,NA,NA,NA,NA,NA,NA,NA,NA,NA,NA,NA,NA,NA,NA,NA,NA,NA,NA,NA
06/08/2025,Tmin,NA,NA,NA,NA,NA,NA,NA,NA,NA,NA,NA,NA,NA,NA,NA,NA,NA,NA,NA,NA,NA,NA,NA,NA
06/08/2025,Rainfall,NA,NA,NA,NA,NA,NA,NA,NA,NA,NA,NA,NA,NA,NA,NA,NA,NA,NA,NA,NA,NA,NA,NA,NA
06/09/2025,Tmax,NA,NA,NA,NA,NA,NA,NA,NA,NA,NA,NA,NA,NA,NA,NA,NA,NA,NA,NA,NA,NA,NA,NA,NA
06/09/2025,Tmin,NA,NA,NA,NA,NA,NA,NA,NA,NA,NA,NA,NA,NA,NA,NA,NA,NA,NA,NA,NA,NA,NA,NA,NA
06/09/2025,Rainfall,NA,NA,NA,NA,NA,NA,NA,NA,NA,NA,NA,NA,NA,NA,NA,NA,NA,NA,NA,NA,NA,NA,NA,NA
06/10/2025,Tmax,NA,NA,NA,NA,NA,NA,NA,NA,NA,NA,NA,NA,NA,NA,NA,NA,NA,NA,NA,NA,NA,NA,NA,NA
06/10/2025,Tmin,NA,NA,NA,NA,NA,NA,NA,NA,NA,NA,NA,NA,NA,NA,NA,NA,NA,NA,NA,NA,NA,NA,NA,NA
06/10/2025,Rainfall,NA,NA,NA,NA,NA,NA,NA,NA,NA,NA,NA,NA,NA,NA,NA,NA,NA,NA,NA,NA,NA,NA,NA,NA
06/11/2025,Tmax,NA,NA,NA,NA,NA,NA,NA,NA,NA,NA,NA,NA,NA,NA,NA,NA,NA,NA,NA,NA,NA,NA,NA,NA
06/11/2025,Tmin,NA,NA,NA,NA,NA,NA,NA,NA,NA,NA,NA,NA,NA,NA,NA,NA,NA,NA,NA,NA,NA,NA,NA,NA
06/11/2025,Rainfall,NA,NA,NA,NA,NA,NA,NA,NA,NA,NA,NA,NA,NA,NA,NA,NA,NA,NA,NA,NA,NA,NA,NA,NA
06/12/2025,Tmax,NA,NA,NA,NA,NA,NA,NA,NA,NA,NA,NA,NA,NA,NA,NA,NA,NA,NA,NA,NA,NA,NA,NA,NA
06/12/2025,Tmin,NA,NA,NA,NA,NA,NA,NA,NA,NA,NA,NA,NA,NA,NA,NA,NA,NA,NA,NA,NA,NA,NA,NA,NA
06/12/2025,Rainfall,NA,NA,NA,NA,NA,NA,NA,NA,NA,NA,NA,NA,NA,NA,NA,NA,NA,NA,NA,NA,NA,NA,NA,NA
06/13/2025,Tmax,NA,NA,NA,NA,NA,NA,NA,NA,NA,NA,NA,NA,NA,NA,NA,NA,NA,NA,NA,NA,NA,NA,NA,NA
06/13/2025,Tmin,NA,NA,NA,NA,NA,NA,NA,NA,NA,NA,NA,NA,NA,NA,NA,NA,NA,NA,NA,NA,NA,NA,NA,NA
06/13/2025,Rainfall,NA,NA,NA,NA,NA,NA,NA,NA,NA,NA,NA,NA,NA,NA,NA,NA,NA,NA,NA,NA,NA,NA,NA,NA
06/14/2025,Tmax,NA,NA,NA,NA,NA,NA,NA,NA,NA,NA,NA,NA,NA,NA,NA,NA,NA,NA,NA,NA,NA,NA,NA,NA
06/14/2025,Tmin,NA,NA,NA,NA,NA,NA,NA,NA,NA,NA,NA,NA,NA,NA,NA,NA,NA,NA,NA,NA,NA,NA,NA,NA
06/14/2025,Rainfall,NA,NA,NA,NA,NA,NA,NA,NA,NA,NA,NA,NA,NA,NA,NA,NA,NA,NA,NA,NA,NA,NA,NA,NA
06/15/2025,Tmax,NA,NA,NA,NA,NA,NA,NA,NA,NA,NA,NA,NA,NA,NA,NA,NA,NA,NA,NA,NA,NA,NA,NA,NA
06/15/2025,Tmin,NA,NA,NA,NA,NA,NA,NA,NA,NA,NA,NA,NA,NA,NA,NA,NA,NA,NA,NA,NA,NA,NA,NA,NA
06/15/2025,Rainfall,NA,NA,NA,NA,NA,NA,NA,NA,NA,NA,NA,NA,NA,NA,NA,NA,NA,NA,NA,NA,NA,NA,NA,NA
06/16/2025,Tmax,NA,NA,NA,NA,NA,NA,NA,NA,NA,NA,NA,NA,NA,NA,NA,NA,NA,NA,NA,NA,NA,NA,NA,NA
06/16/2025,Tmin,NA,NA,NA,NA,NA,NA,NA,NA,NA,NA,NA,NA,NA,NA,NA,NA,NA,NA,NA,NA,NA,NA,NA,NA
06/16/2025,Rainfall,NA,NA,NA,NA,NA,NA,NA,NA,NA,NA,NA,NA,NA,NA,NA,NA,NA,NA,NA,NA,NA,NA,NA,NA
06/17/2025,Tmax,NA,NA,NA,NA,NA,NA,NA,NA,NA,NA,NA,NA,NA,NA,NA,NA,NA,NA,NA,NA,NA,NA,NA,NA
06/17/2025,Tmin,NA,NA,NA,NA,NA,NA,NA,NA,NA,NA,NA,NA,NA,NA,NA,NA,NA,NA,NA,NA,NA,NA,NA,NA
06/17/2025,Rainfall,NA,NA,NA,NA,NA,NA,NA,NA,NA,NA,NA,NA,NA,NA,NA,NA,NA,NA,NA,NA,NA,NA,NA,NA
06/18/2025,Tmax,NA,NA,NA,NA,NA,NA,NA,NA,NA,NA,NA,NA,NA,NA,NA,NA,NA,NA,NA,NA,NA,NA,NA,NA
06/18/2025,Tmin,NA,NA,NA,NA,NA,NA,NA,NA,NA,NA,NA,NA,NA,NA,NA,NA,NA,NA,NA,NA,NA,NA,NA,NA
06/18/2025,Rainfall,NA,NA,NA,NA,NA,NA,NA,NA,NA,NA,NA,NA,NA,NA,NA,NA,NA,NA,NA,NA,NA,NA,NA,NA
06/19/2025,Tmax,NA,NA,NA,NA,NA,NA,NA,NA,NA,NA,NA,NA,NA,NA,NA,NA,NA,NA,NA,NA,NA,NA,NA,NA
06/19/2025,Tmin,NA,NA,NA,NA,NA,NA,NA,NA,NA,NA,NA,NA,NA,NA,NA,NA,NA,NA,NA,NA,NA,NA,NA,NA
06/19/2025,Rainfall,NA,NA,NA,NA,NA,NA,NA,NA,NA,NA,NA,NA,NA,NA,NA,NA,NA,NA,NA,NA,NA,NA,NA,NA
06/20/2025,Tmax,NA,NA,NA,NA,NA,NA,NA,NA,NA,NA,NA,NA,NA,NA,NA,NA,NA,NA,NA,NA,NA,NA,NA,NA
06/20/2025,Tmin,NA,NA,NA,NA,NA,NA,NA,NA,NA,NA,NA,NA,NA,NA,NA,NA,NA,NA,NA,NA,NA,NA,NA,NA
06/20/2025,Rainfall,NA,NA,NA,NA,NA,NA,NA,NA,NA,NA,NA,NA,NA,NA,NA,NA,NA,NA,NA,NA,NA,NA,NA,NA
06/21/2025,Tmax,NA,NA,NA,NA,NA,NA,NA,NA,NA,NA,NA,NA,NA,NA,NA,NA,NA,NA,NA,NA,NA,NA,NA,NA
06/21/2025,Tmin,NA,NA,NA,NA,NA,NA,NA,NA,NA,NA,NA,NA,NA,NA,NA,NA,NA,NA,NA,NA,NA,NA,NA,NA
06/21/2025,Rainfall,NA,NA,NA,NA,NA,NA,NA,NA,NA,NA,NA,NA,NA,NA,NA,NA,NA,NA,NA,NA,NA,NA,NA,NA
06/22/2025,Tmax,NA,NA,NA,NA,NA,NA,NA,NA,NA,NA,NA,NA,NA,NA,NA,NA,NA,NA,NA,NA,NA,NA,NA,NA
06/22/2025,Tmin,NA,NA,NA,NA,NA,NA,NA,NA,NA,NA,NA,NA,NA,NA,NA,NA,NA,NA,NA,NA,NA,NA,NA,NA
06/22/2025,Rainfall,NA,NA,NA,NA,NA,NA,NA,NA,NA,NA,NA,NA,NA,NA,NA,NA,NA,NA,NA,NA,NA,NA,NA,NA
06/23/2025,Tmax,NA,NA,NA,NA,NA,NA,NA,NA,NA,NA,NA,NA,NA,NA,NA,NA,NA,NA,NA,NA,NA,NA,NA,NA
06/23/2025,Tmin,NA,NA,NA,NA,NA,NA,NA,NA,NA,NA,NA,NA,NA,NA,NA,NA,NA,NA,NA,NA,NA,NA,NA,NA
06/23/2025,Rainfall,NA,NA,NA,NA,NA,NA,NA,NA,NA,NA,NA,NA,NA,NA,NA,NA,NA,NA,NA,NA,NA,NA,NA,NA
06/24/2025,Tmax,NA,NA,NA,NA,NA,NA,NA,NA,NA,NA,NA,NA,NA,NA,NA,NA,NA,NA,NA,NA,NA,NA,NA,NA
06/24/2025,Tmin,NA,NA,NA,NA,NA,NA,NA,NA,NA,NA,NA,NA,NA,NA,NA,NA,NA,NA,NA,NA,NA,NA,NA,NA
06/24/2025,Rainfall,NA,NA,NA,NA,NA,NA,NA,NA,NA,NA,NA,NA,NA,NA,NA,NA,NA,NA,NA,NA,NA,NA,NA,NA
06/25/2025,Tmax,NA,NA,NA,NA,NA,NA,NA,NA,NA,NA,NA,NA,NA,NA,NA,NA,NA,NA,NA,NA,NA,NA,NA,NA
06/25/2025,Tmin,NA,NA,NA,NA,NA,NA,NA,NA,NA,NA,NA,NA,NA,NA,NA,NA,NA,NA,NA,NA,NA,NA,NA,NA
06/25/2025,Rainfall,NA,NA,NA,NA,NA,NA,NA,NA,NA,NA,NA,NA,NA,NA,NA,NA,NA,NA,NA,NA,NA,NA,NA,NA
06/26/2025,Tmax,NA,NA,NA,NA,NA,NA,NA,NA,NA,NA,NA,NA,NA,NA,NA,NA,NA,NA,NA,NA,NA,NA,NA,NA
06/26/2025,Tmin,NA,NA,NA,NA,NA,NA,NA,NA,NA,NA,NA,NA,NA,NA,NA,NA,NA,NA,NA,NA,NA,NA,NA,NA
06/26/2025,Rainfall,NA,NA,NA,NA,NA,NA,NA,NA,NA,NA,NA,NA,NA,NA,NA,NA,NA,NA,NA,NA,NA,NA,NA,NA
